Item - Name,Item - Code,Item - Link
9-Volt,bl3(BExsXlbG8W3CL+l8FcHNsNZIi9FXUisMQ51XxtIGGXHSYdakTZLW),https://www.lootlemon.com/weapon/9-volt-bl3
AAA,bl3(BON++gMkFrVDbKe/+ClKyAlD2eh1QgFWw6y5a/Hr5/bW8w==),https://www.lootlemon.com/weapon/aaa-bl3
Agonizer 1500,bl3(BIwN8ixpW+hyULvjVW1y8WdiqWgFuq4BXMqow1fL/E1huqaNyfQ95sM=),https://www.lootlemon.com/weapon/agonizer-1500-bl3
Alchemist,bl3(BNwiegKu5kvAgm1TyOHWqexdqg+7BbibgEf32LSwUpl6YWA32E8=),https://www.lootlemon.com/weapon/alchemist-bl3
Amazing Grace,bl3(BPJ2iGpHH/p64TiBmxqf2fPYwjDJFOlkzYdAToO1+odXRUBKl+o=),https://www.lootlemon.com/weapon/amazing-grace-bl3
Amber Management,bl3(BGQoKGYvrxZ7UZUei99cb0Ag3kPUfKk+330dKTjkvfLLdQx7KNf/),https://www.lootlemon.com/weapon/amber-management-bl3
Anarchy,bl3(BJED2mjmJ0avGnWIVju1xavNHERUuaMg1oGHdecsxNBTaP2Kr406),https://www.lootlemon.com/weapon/anarchy-bl3
Ashen Beast,bl3(BJRgVmsbcgvZGiBjeDbvIAODY8cEJyDm/zvly7X4gI5212/C58Tm),https://www.lootlemon.com/weapon/ashen-beast-bl3
ASMD,bl3(BIpnXHIubgPcIJ2Fz/M5ndJDWlOJKo6FAs1cBUCVkrcc6Wkacjds1lM=),https://www.lootlemon.com/weapon/asmd-bl3
Atlas Replay,bl3(BB0bwjO7jGlbn8w2nhhEkWML8UJHjqTBo+mfChOnOF3zilgq),https://www.lootlemon.com/weapon/atlas-replay-bl3
AutoAim√®,bl3(BFthbkFW6BbLN8qjVLPXznTI9WcXP5aejWPIiEkEO21GNvrMOanmaJ1J),https://www.lootlemon.com/weapon/autoaime-bl3
Baby Maker,bl3(BEdh0hkaXHtKQZEL4aAsU/oLeSxqk5JarFXfNBxUBdnmdP6b),https://www.lootlemon.com/weapon/baby-maker-bl3
Backburner,bl3(BKZsDUKaQ8gLisqbtgKBuEuSMZH+Wbmo6NnlyxD3swVavtp2Mw==),https://www.lootlemon.com/weapon/backburner-bl3
Bangarang,bl3(BH41QAmTejiYPTns8/PsjemiZFkgtlDZtm1FX6unL6V+A1Y=),https://www.lootlemon.com/weapon/bangarang-xl-bl3
Barrage,bl3(BNQt9GFJLdWxZOpizxZSfNWfd5zNjtONoJPzGrjqfdCU2ARClXpQ),https://www.lootlemon.com/weapon/barrage-bl3
Beacon,bl3(BIolFkkebJ8SqpNiBftIqdlKocgKTAfcaGlO47S42Xt9nXNj6B0=),https://www.lootlemon.com/weapon/beacon-bl3
Bearcat,bl3(BMN2TFDjIdtAj4CrFpw5QwHKPZyqpu9vUiPyV7Jf5BR4LbtdA4U=),https://www.lootlemon.com/weapon/bearcat-bl3
Bekah,bl3(BBQYonOwZNb/V/R1T6lbOxesAySubp1cBtEQG2hKR9gImqiI9w==),https://www.lootlemon.com/weapon/bekah-bl3
Bird of Prey,bl3(BHEcpBkRDRSm7rMLGZTYb46AXQMCylUJgmlyReLdpLml/ECa5oYIQ5M=),https://www.lootlemon.com/weapon/bird-of-prey-bl3
Bitch,bl3(BMVpGDuQ0AzGcwS6M8jp/P0awAmop2x1N2wtYp4XJbzqqmd0Psib),https://www.lootlemon.com/weapon/bitch-bl3
Bite Size,bl3(BE5obiH4WtzF27Zpfa5Al8dK8rFzaeqSPtHKLWs89T07ShluOlaA),https://www.lootlemon.com/weapon/bite-size-bl3
Black Flame,bl3(BKhPmkV/5HMwQVeRhVVU4aLKF6YEJxfiMm84P89W8JwNrg==),https://www.lootlemon.com/weapon/black-flame-bl3
Blade Fury,bl3(BAAAAAA0TYA+Jg0Bg2QaTiaC0bxQPhoWKe4QAgAAAAAAnAEBAA==),https://lootlemon.com/weapon/blade-fury-bl3
Blind Bandit,bl3(BEsdkh+ztaGy2HOKY/83FgO+FTGq9zoTnfqhRo8aW2NoJKqt3Oc=),https://www.lootlemon.com/weapon/blind-bandit-bl3
Blind Sage,bl3(BEEO2EJ4zvnqfcOQt6ZR4NMxajtisIFnVhpVYpbRqMghksdB6y4uFw==),https://www.lootlemon.com/weapon/blind-sage-bl3
Blood-Starved Beast,bl3(BLcTIVqHnZU77j/bptUhtaPq/VNpR3lmeBvFLY7aAhXJBpyWHic3HQ==),https://www.lootlemon.com/weapon/blood-starved-beast-bl3
Bloodsucker,bl3(BAAAAADMAoA+IZWAgjwIGoRSBQRa4g4AAAA=),https://lootlemon.com/grenade-mod/bloodsucker-bl3
Bloom,bl3(BGZEzlNu8pCBhKE7f1VIPN8fepy1IeXx/rlRSldguY7jUNlKi3EMBYw=),https://www.lootlemon.com/weapon/bloom-bl3
Bone Shredder,bl3(BAhKZAY0p38bmQZIEPLag6fnSBryIvI8v31yqQjhO5Qx7OpygBw=),https://www.lootlemon.com/weapon/bone-shredder-bl3
Boogeyman,bl3(BCZO1WnNsaFoZ+PNuegBFBWff8HnPKPIOQhbXUbXLWAhNhQ=),https://www.lootlemon.com/weapon/boogeyman-bl3
Boomer,bl3(BEA0KwRKpLxnvLcRnO8gAPp//1qRf0Dc6Bkncgdku4glYiVdtxgtF2o=),https://www.lootlemon.com/weapon/boomer-bl3
Brad Luck,bl3(BE0zGAuCsU10Hn5wMFwgP1TBSN71b2jzbuJvyqnRXpOQSN1yffA/),https://www.lootlemon.com/weapon/brad-luck-bl3
Brainstormer,bl3(BOMwbwlJUw0p1Dp350b1hndEK1KprIfu8qDp0nJEhdHnFuI3E4rrlQ==),https://www.lootlemon.com/weapon/brainstormer-bl3
Brashi's Dedication,bl3(BP8F3W/SULOUYjnTN9mpx2RaZ3rd1mHKs2G1XMAKF2SMAj/fxDaZ+M/8),https://www.lootlemon.com/weapon/brashis-dedication-bl3
Breath of the Dying,bl3(BE8ZzGUvfR5Ec5jxh4GUWeNeNAq+bPR1/aF7WdjaYS+3TzXdEzXy9Tk=),https://www.lootlemon.com/weapon/breath-of-the-dying-bl3
Breeder,bl3(BI5Ioz9x1lygTewa76VNJ4tp4Ksv+r1ZL9WoI9S49d1K6lc+WmGD8hE=),https://www.lootlemon.com/weapon/breeder-bl3
Brightside,bl3(BKdFwlZufd63BmAe9a7hUsQJqRFz71OwNUmShSOT3Q2iFyRo8eY=),https://www.lootlemon.com/weapon/brightside-bl3
Bubble Blaster,bl3(BKlZ9Crs+Mervr5YiUbtuefvOCmpliwBG9Mtz7XqKdO1gd8Hpag=),https://www.lootlemon.com/weapon/bubble-blaster-bl3
Buttplug,bl3(BLdwASjvh0rI0tON0DZdTtklqHzpkaYACfIx+MuKZsPLCFJZm1w=),https://www.lootlemon.com/weapon/buttplug-bl3
Carrier,bl3(BDIemHsniDIZ+QHAq6nrdEFTwRtj6/0ifKn3hlY7jQdLFDLM),https://www.lootlemon.com/weapon/carrier-bl3
Chandelier,bl3(BD4segq5s0I085faUcdmOKoxa0k9MKC7pdJxeoMgs+7UofucDu8=),https://www.lootlemon.com/weapon/chandelier-bl3
Cheap Tips,bl3(BB4IYBJBwThtjHDZl1f9vns9iI2USEPEwc3DuYdwevzOTStitz5xybw=),https://www.lootlemon.com/weapon/cheap-tips-bl3
Chomper,bl3(BJY+GDUkX2dcK1db2w5pbuUZuVa2ZkLxwnqay191NAy87s5Q),https://www.lootlemon.com/weapon/chomper-bl3
Clairvoyance,bl3(BNEgIzayv0P/pTOhIPMQunSzIlmGWNJX+ESy2a2wpUBSbOrPp5M=),https://www.lootlemon.com/weapon/clairvoyance-bl3
Cloud Kill,bl3(BKBxBlHnWs91nOd8AP/gYe3kO7K1wW0R5eZ0tKLV2wGM1AvOQHY=),https://www.lootlemon.com/weapon/cloud-kill-bl3
Cocky Bastard,bl3(BNApygKFyOodnk1xGIoQIbec8tkR6qC/JN6rshEs56fGAyW5OK9dxUo=),https://www.lootlemon.com/weapon/cocky-bastard-bl3
Cold Shoulder,bl3(BLIH03L3+zqBugMSYecBj8EQPygVeLX2MvR1Pf4sMXLorP+DM4Ju),https://www.lootlemon.com/weapon/cold-shoulder-bl3
Complex Root,bl3(BL5WyUKN+2xmS87JtARemjMogHMKkF0V2U6LfdBs8jGEL8QdZNDcaqU=),https://www.lootlemon.com/weapon/complex-root-bl3
Conference Call,bl3(BNhdjjcYw16bQYf1Kn+gmP8/YMpEfTzaJZ2VlmolTWG5twEa8Q==),https://www.lootlemon.com/weapon/conference-call-bl3
Contained Blast,bl3(BPo0GQGLI5ADOunABJnW7kZW04Zkf3HSVwxYaHjdbFDwVuljumQcLw==),https://www.lootlemon.com/weapon/contained-blast-bl3
Convergence,bl3(BMgM9kfmrVbveKu0kYqRMRrXsEOKpImC4Bs6PYSOI6rJggWTOZdSQQ==),https://www.lootlemon.com/weapon/convergence-bl3
Crader's EM-P5,bl3(BMILYF63erjKBuFxcS3O9I6PlWCinylnW5c/kWX1fsLHN101RQ9hpg==),https://www.lootlemon.com/weapon/craders-em-p5-bl3
Craps,bl3(BAAAAAC354C+wevCgIwiOMmEsioqFoyN6QMqWIxxhxAAAAAAAAAAAAA=),https://www.lootlemon.com/weapon/craps-bl3
Creamer,bl3(BHljqAxWmpWyG/9nDwBdqY1kA3QlOoOiiR8V51xSamuWaQjZ6yCM),https://www.lootlemon.com/weapon/creamer-bl3
Creeping Corruption,bl3(BAAAAAB23IA+JwWBgGwaDoh0ERmZVrDPDBN3CAEAAAAAAMiAAAA=),https://lootlemon.com/weapon/creeping-corruption-bl3
Creeping Death,bl3(BC1XsFICt1zrYcYgibWIDOQxw2TGTJrydd/+A+Wv7d5DMw==),https://www.lootlemon.com/weapon/creeping-death-bl3
Crit,bl3(BLhhvjiZ1C435xK56Uzt2wpNkgfXy4/lLV4Cqcqi1l7FIPUkDd1j),https://www.lootlemon.com/weapon/crit-bl3
Critical Mass,bl3(BJJgJiFODCO2K63rQtyR19FC6OW0lG0q5fQGT6yjm9xHwon+UFYwvg==),https://www.lootlemon.com/weapon/critical-mass-bl3
Critical Thug,bl3(BGBGlHEiOQTv/Mi5nhF1Ko2Cw0NJkyG28/qBBN3olAM3nr+/zA==),https://www.lootlemon.com/weapon/critical-thug-bl3
Crossroad,bl3(BCUEaBonmSVPd80z3NEjSQHdXVlJEfPur8+tsHowaB/V0gWeLPioqw==),https://www.lootlemon.com/weapon/crossroad-bl3
Cutsman,bl3(BKhBzUnK498efQzfgENu9ivIY3HkllddOjtjd8vnWf3SZhBCLU4=),https://www.lootlemon.com/weapon/cutsman-bl3
D.N.A.,bl3(BLEja3MTzYQmzAVHsaMVPDXARqaQBKWjR7nxWAICVTl5bPW2eg==),https://www.lootlemon.com/weapon/dna-bl3
Dakota,bl3(BHwEw12dPKYtPeTTc2aNpMBkK40EOadztEuad2TP8crTOBRrLns=),https://www.lootlemon.com/weapon/dakota-bl3
Damned,bl3(BGQbMjb9ohLI/+87C9nfGIT7ndFejbYce6MFVofMNrB7mvushQ==),https://www.lootlemon.com/weapon/damned-bl3
Dark Army,bl3(BKEnlmgAvtLh5sBIg3N9fGzrBqnxgsjiDgKTAs+HOwo+Sbgd/w==),https://www.lootlemon.com/weapon/dark-army-bl3
Dead Chamber,bl3(BJIewjekkh39soiaIdaL/QFJgGpntAuT0NvhuUeYdoTHiAY=),https://www.lootlemon.com/weapon/dead-chamber-bl3
Destructo Spinner,bl3(BDsVfGyBBByCk7tRIVJjhbG6j8J0CnvnHEkDKXSv371pr/41),https://www.lootlemon.com/weapon/destructo-spinner-bl3
Devastator,bl3(BAAAAAAX4YA+2OjCgGwiOMmEsnptTB5QARZ3CAEAAAAAAMYYAAA=),https://www.lootlemon.com/weapon/devastator-bl3
Devil's Foursum,bl3(BAAAAABPtIC+1OjCgHwiOMmEsmIhNh8QydJyxR1CAAAAAACAMgYAAA==),https://www.lootlemon.com/weapon/devils-foursum-bl3
Devoted,bl3(BFwdiEeKVYBL1BHYw8e6H1MvxgG+yEUCCkvUgaRw6JxArEr6FIM=),https://www.lootlemon.com/weapon/devoted-bl3
Digby's Smooth Tube,bl3(BLB+7Ug7Okrzj9FxDcRjPimnn/ZE6wdx3xwSmBdV5YPAR7lI0km8),https://www.lootlemon.com/weapon/digbys-smooth-tube-bl3
Dowsing Rod,bl3(BAVWGSzDhYxau5o0slsFgfvbOrB0gmNvSz4MFHKygvj7X68KZhKrg0o=),https://www.lootlemon.com/weapon/dowsing-rod-bl3
E-Gone,bl3(BIVhInF/HgNhF5pDD5gqGCZwYK8ZqYqXkbTnJB2nrZoJztPluw==),https://www.lootlemon.com/weapon/e-gone-bl3
Earworm,bl3(BAAAAACjOIA+VQOBgGQajqMiwimZVC4MMu4QAgAAAAAALIMAAA==),https://www.lootlemon.com/weapon/earworm-bl3
Echo,bl3(BAAAAAAk0IA+DunCgIQiOMmEsqo5IBvTB1Sw3OIOIQAAAAAAABkDAAA=),https://www.lootlemon.com/weapon/echo-bl3
Ember's Purge,bl3(BDd+Fz1sDYEYCbTjh79+t6NGSbWUDi266n3ABDruSvBjWgaeubY=),https://www.lootlemon.com/weapon/purge-bl3
Embrace the Pain,bl3(BFkPSyLo8BtwFCjU8ttEMtTG9E2o/FnkFzzInWmroFzfR07RsA==),https://www.lootlemon.com/weapon/embrace-the-pain-bl3
Eridian Fabricator,bl3(BNlOYRLA2JcIWGntmf9hDudWoq7OSO/VWzw=),https://www.lootlemon.com/weapon/eridian-fabricator-bl3
Extreme Hangin' Chadd,bl3(BF8fYE7diopItfWHJXzVKl5vdKgiUSSDqU4FMfe6Qus906zu6Xvz),https://www.lootlemon.com/weapon/hangin-chadd-bl3
Face-puncher,bl3(BAwMJ0hhHyADjuJ3nSumNCf5cUugknZ7oADP2n1APouw0TzM6I0=),https://www.lootlemon.com/weapon/face-puncher-bl3
Faisor,bl3(BAhCiTNHhYfcjOBGlToKkJKPBpH6xkDaOsWokFlkEWCB4RPS1YomG96P),https://www.lootlemon.com/weapon/faisor-bl3
Fearmonger,bl3(BAgRNkt0r7yYZT9xDkMIb96pdIyq0n6Kmj4JNWFMyhSI15ksE8k=),https://www.lootlemon.com/weapon/fearmonger-bl3
Fingerbiter,bl3(BAAAAADmuoA+/XkBg2QIwkGJ0fCwJJfgKe4QAgAAAAAAAAAAAA==),https://www.lootlemon.com/weapon/fingerbiter-bl3
Firecracker,bl3(BFdy/nanznYU3VfTlsnIvbBAYfXl8M3HNSrTkULeeEvYmKGFxKuJ5A==),https://www.lootlemon.com/weapon/firecracker-bl3
Firefly,bl3(BGQ690Ia1h8aKvQKkWJ+pkZNxbr/C65Hm1YX2aK6QqTZ6Ll8),https://www.lootlemon.com/weapon/firefly-bl3
Firestorm,bl3(BPI5fiH2Kv5N99rHTHzOBmwdpIQW+REdzxUTJflpM6PB8rP2+g==),https://www.lootlemon.com/weapon/firestorm-bl3
Flakker,bl3(BNRwJFeuVkuVMAD4pUuriiOn5UzNFUm+p8Cc2O4y9OGVQw==),https://www.lootlemon.com/weapon/flakker-bl3
Flama Diddle,bl3(BAAAAABcp4A+DoyBgXQajgeEZzggNpnRqTeJO4QAAAAAAABkQAAA),https://www.lootlemon.com/weapon/flama-diddle-bl3
Flipper,bl3(BMBmowsqw9hH0kXhFaWTrpViLfiFGf+XfC25cjN9a2SomyYHjt4=),https://www.lootlemon.com/weapon/flipper-bl3
Free Radical,bl3(BBcl90Zg7o9FnKmBMiqPOP+gf1fH3wccA4FjIA8lf0j6QFFt),https://www.lootlemon.com/weapon/free-radical-pistol-bl3
Freeman,bl3(BJ1XmAUMKHG2kQjyeghd4LaUP0dWZhKrLfPKGVmsKpIgOdEf),https://www.lootlemon.com/weapon/freeman-bl3
Frequency,bl3(BK1Q1AqZ1Ire0bCeIBvJFvFCBc2E55j7sTChlZ4pCFcM12TEQlrjwQ==),https://www.lootlemon.com/weapon/frequency-shotgun-bl3
Frozen Devil,bl3(BEpmVHoXqXjcRKKPp6Mb2PQJ3iiyvGGb8vdCuObUSBHzstbAww==),https://www.lootlemon.com/weapon/frozen-devil-bl3
Gargoyle,bl3(BCQXZHBnqquUr6+n/Kn+AHKP/DhapzZMzfsHDIin5DILJ8QuAFZt),https://www.lootlemon.com/weapon/gargoyle-bl3
Gatling Gun,bl3(BI8HxUW1FYmRULE1T6qAm7DhHr4L4cP51Vc/8uyIlvKSX0Q=),https://www.lootlemon.com/weapon/gatling-gun-bl3
Gettleburger,bl3(BLFHlWBH+5ZabXcEGqU7TEWCTYu+S64SHIkjmWdAZ0is6w==),https://www.lootlemon.com/weapon/gettleburger-bl3
Girth Blaster Elite,bl3(BFhglFLi9OPIJ0gge+35vaxgjLi6aLDOTY84pulbYIzx+mjg14A=),https://www.lootlemon.com/weapon/girth-blaster-elite-bl3
Globetrottr,bl3(BBohizdwrGFJgGxY8e/8VCTbQZpd/LOSWtN3W6gTbHZF09CxmuATpw==),https://www.lootlemon.com/weapon/globetrottr-bl3
Gold Rush,bl3(BE8WoUi0B1QgTgMpGjwZS2rUbuWcpmr2g7Td13Hpp7MsNy273mU=),https://www.lootlemon.com/weapon/gold-rush-bl3
Good Juju,bl3(BHsbhVpNh3xDCjZTqjnisurUdJ+WANZVktxlD0NHqtUbekAgtqzE),https://www.lootlemon.com/weapon/good-juju-bl3
Grease Trap,bl3(BPkurGBxCOd9zDYVMkm9tJK0o33ZmQR08oHtdTRqsLINFfqMJQ==),https://www.lootlemon.com/weapon/grease-trap-bl3
Guardian 4N631,bl3(BNxfT3JgwrGN2MPnthFRt0e/q6zRmB++jNoH1wYA/1z7AgrHdLXQ3Q==),https://www.lootlemon.com/weapon/guardian-4n631-bl3
Gunerang,bl3(BJh16CXdo1JlA2PkQmMahezVxJFB+rCPpSSl2GC4GfMCVw==),https://www.lootlemon.com/weapon/gunerang-xl-bl3
Hail,bl3(BLgCCCJPdNCOcK8O3ZEJ6MI/xeRyikieY994z+2bC5PJjDK7uMM=),https://www.lootlemon.com/weapon/hail-bl3
Hand of Glory,bl3(BK0XVUT+GLCYiwZFQCcd/PVgo+Sf8dgBhSx2d+wFLbjSsMK1wQ==),https://www.lootlemon.com/weapon/hand-of-glory-bl3
Handsome Jackhammer,bl3(BK93VipGhn49jckoJ4TO24+vj4d74msfacpJxQzU3rzQM/ekOyiu),https://www.lootlemon.com/weapon/handsome-jackhammer-bl3
Headsplosion,bl3(BKp9FgfxaCCF0uSdH/zh8zQFsDJalRig/za/EEpq9B7GExFzbgqOL48=),https://www.lootlemon.com/weapon/headsplosion-bl3
Heart Breaker,bl3(BMQhazOqSmb696FmUxZA4ILtayiAUG+p4lGN3RIHDs9wDMUbafDh),https://www.lootlemon.com/weapon/heart-breaker-bl3
Heckle,bl3(BK9IsXLn9KDTITQhh/04EU6PxwPvs8vZGFncWpuu3JhIfHKx),https://www.lootlemon.com/weapon/heckle-bl3
Hellfire,bl3(BDZgNAy3uUQtkxZIldiTBQbJ6WxhLTosGl51CEJrgraHcX+HyxqlYRw=),https://www.lootlemon.com/weapon/hellfire-bl3
Hellshock,bl3(BF8Wj3bElEIQ57U02WTPDgUEsWXmq9B836THHwIVsTGsB8h6p8Q=),https://www.lootlemon.com/weapon/hellshock-bl3
Hellwalker,bl3(BF57SUj7QZiGg6xoyXMGom1OCDJA+etOiEQlC4ObAMwPsg==),https://www.lootlemon.com/weapon/hellwalker-bl3
Hive,bl3(BLlPWkWF5VYsk+Y7fqFLzchaLHNjNkIBTIsx5/d45X9Mc6A=),https://www.lootlemon.com/weapon/hive-bl3
Hornet,bl3(BNZz+kzR55bjJ3V3QRQaeEPX3nATyIEgAZpqKqDPuBdhmVmV),https://www.lootlemon.com/weapon/hornet-bl3
Hot Drop,bl3(BE10QyRq7qamW7i3Nb+t/1pLg9+qW3CD+u1UELEOIl0nJNsENxNdbw==),https://www.lootlemon.com/weapon/hot-drop-bl3
Hotfoot Teddy,bl3(BOUXTUY5gfaDjHlRpYZ2dl7HbCVYRBXRsg/si86BlM6LknYTSA==),https://www.lootlemon.com/weapon/hotfoot-teddy-bl3
Hyde,bl3(BPQL8zCEcfLWtLr8PUBhoI9ADXFtruIbKuf7WGKGLfooADsd),https://www.lootlemon.com/weapon/hyde-bl3
Hydrafrost,bl3(BBJtgzM5bx0MedvY6MZBPMZcf4lCagaAiGVKjdsFQGKgCp9xBTyUcA==),https://www.lootlemon.com/weapon/hydrafrost-bl3
Hyper-Hydrator,bl3(BLRUSnw/7ECVmqaWl7BXYdtHEeyw0CqD7c/V0JE2Gmy/Qzw=),https://www.lootlemon.com/weapon/hyper-hydrator-bl3
Hyperfocus XZ41,bl3(BC96ZjcKbaMvjRrj3qt9eC9qPI6vWhBQTw2f9Y8+p7OnzGQzCg==),https://www.lootlemon.com/weapon/hyperfocus-xz41-bl3
Ice Age,bl3(BJkqfTkxCSCTI4F+f1VEB6NLA5VIlimtqpuOqIS1dYUoWt6nfbvW),https://www.lootlemon.com/weapon/ice-age-bl3
Ice Pick,bl3(BKou/kaz1dyanMFaMRdiQts1rCoZhlRmV3gk0lcFNkV3TEyodp3K),https://www.lootlemon.com/weapon/ice-pick-bl3
Icebreaker,bl3(BD8JGBfifCEqFzjnBMk09RngB9kA50pG4bq4MrHf89Yw/fM=),https://www.lootlemon.com/weapon/icebreaker-bl3
Iceburger,bl3(BIgZ8gWsHhaQKMEtAkUnmXdivoB6H3uX2iqGSakj4pppcKeKGqDURQ==),https://www.lootlemon.com/weapon/iceburger-bl3
Infinity,bl3(BP4OuHZ1qm0vfpmATyV+IWRkf1ixefEw3P5vLHVbPrcF7PF52A==),https://www.lootlemon.com/weapon/infinity-bl3
Insider,bl3(BMtnjFnKtKuDnGVj/OUvAtDwbIpE+iJjTQASI+3JgR8i31vpa+Q=),https://www.lootlemon.com/weapon/insider-bl3
ION CANNON,bl3(BJ58zhfdsa6Vfu042iuwx8D/US9J+zP1i2l/xacTtTrLeMzGYLn4lQ==),https://www.lootlemon.com/weapon/ion-cannon-bl3
ION LASER,bl3(BFVX+RKKNsYYc4TMP/vnTFWyUuDTHpmIw1PdfCji1TvgbGrfrWQg),https://www.lootlemon.com/weapon/ion-laser-bl3
Ionic Disruptor,bl3(BCYzwSXMZyzjmj0A2FjhSo2hmjBxCYwI5cvmmBsQd42V6HjC8JJw),https://www.lootlemon.com/weapon/ionic-disruptor-bl3
Jericho,bl3(BO13AHbnohlKgpC2bEl04zt5n44yeG0P/Y8q/IvqZfClaDiHwg==),https://www.lootlemon.com/weapon/jericho-bl3
Juliet's Dazzle,bl3(BLoz0CK/4wOF04YsM2West+WLWda+jD0IhpBH29x+MmE3zdUmRh4tQ==),https://www.lootlemon.com/weapon/juliets-dazzle-bl3
Just Kaus,bl3(BFQEfxUtZYfwtt7YuZ3v18jov6BNR9M1AFj2szukU2tFSLp/58GV),https://www.lootlemon.com/weapon/just-kaus-bl3
Kaleidoscope,bl3(BP1psiH+iBbC202QDvYbg4qAhr8sNdu8nj3JN30F3vwAJHY=),https://www.lootlemon.com/weapon/kaleidoscope-bl3
Kaos,bl3(BKYPrDzegE1ECYIgzYU4QkKu70SuCfvUCzcIns9QJd6mL05VH5Dwpvc=),https://www.lootlemon.com/weapon/kaos-bl3
Kaoson,bl3(BD0XuErYkwfPGfkh7TScGr7GUFmvY1IfOPHYRfzYyDukPjajXt6rLGwI),https://www.lootlemon.com/weapon/kaoson-bl3
Kenulox,bl3(BMFAdnMNQN5V+HxPfvNw5QBVj/KFlkRwVSwwTaDM1t19+oWIZ6c=),https://www.lootlemon.com/weapon/kenulox-bl3
Kevin's Chilly,bl3(BKtfVBk7JE1FZ32Rf6vp2wQuxVXtYXoZXRWmA8Vd3aPDzZc=),https://www.lootlemon.com/weapon/kevins-chilly-bl3
Kickcharger,bl3(BPYKOjxKvLBhdY//vj+qMcBqMsF2iH7l8t+mtvW4WwvWSojUMQ==),https://www.lootlemon.com/weapon/kickcharger-bl3
Kill-o'-the-Wisp,bl3(BIcpTkwQDS3SiZmrglNDhFwbOrMyWvhfez8oPVgcm3fPtEL1vQ==),https://www.lootlemon.com/weapon/kill-o-the-wisp-bl3
King's Call,bl3(BDMrgDu8qVnTgc6dHvk5IXNmiIrG2iT3Erpr/qMeicAgzV3XXw==),https://www.lootlemon.com/weapon/kings-call-bl3
Krakatoa,bl3(BAY3ezrYlMjBl5h10ei9gguI2ig8ACS7Bj7boEfJjluVQzLD0Q==),https://www.lootlemon.com/weapon/krakatoa-bl3
Kyb's Worth,bl3(BLoSshld948Q3vwtZPX9x4vsiHqkYDo79D1mA17AXCEV6M9C1us/),https://www.lootlemon.com/weapon/kybs-worth-bl3
La Varlope,bl3(BNt0TGqlie1ARoxTheEfGwNCwc5ACIlAQbFTmJsezb6fXS3MvQ==),https://www.lootlemon.com/weapon/la-varlope-bl3
Laser-Sploder,bl3(BGwt50C0G2l8ea4ixdEe42nFq5lpxvGPy9gL0OI2Uk/GgR36SflmkQ==),https://www.lootlemon.com/weapon/laser-sploder-bl3
Lead Sprinkler,bl3(BKMxuX+kVPxCzzYLmVVyVp/646mahto/C8BL2UQJ498FYEoU),https://www.lootlemon.com/weapon/lead-sprinkler-bl3
Light Show,bl3(BP9H21CcQbAZrsFoO7NHAQg+HjL5GaLGJdddYhQRQEfgealFHbTsnXU=),https://www.lootlemon.com/weapon/light-show-bl3
Likable Rascal,bl3(BFVQoS1PIpRQlEVSgemdrxdtPnEqSoH7uCgQWUCEz4G3ZbF26o3Q),https://www.lootlemon.com/weapon/likable-rascal-bl3
Linc,bl3(BLo0R36vVf3KELjJc1kGdAqd9280SI0hurpDj/zsT2vcWmtD),https://www.lootlemon.com/weapon/linc-bl3
Linoge,bl3(BLNn6V85LWCbiNYJ57Z4jR+NQI3vIEZs4qiz3SCHBYgWdHu6/N/+),https://www.lootlemon.com/weapon/linoge-bl3
Little Yeeti,bl3(BMgF2CQkRctK1LHZOF7HTxC9L1I/Fa/jU7XgpTdcQgMzwzosO+k7Gg==),https://www.lootlemon.com/weapon/little-yeeti-bl3
Long Musket,bl3(BOhAyG/tmWQoKUduiswVkBmkKJ3levx2QlgZmWLa4vev26lelg==),https://www.lootlemon.com/weapon/firesale-long-musket-bl3
LOV3M4CH1N3,bl3(BElokExdfgytzuNHXftQm2W+uLMchNfCVsE7CZoyOS5buA5EN+Pn/XU=),https://www.lootlemon.com/weapon/lov3m4ch1n3-bl3
Lovable Rogue,bl3(BJdBEXt1hUnH53HUP6NaC/witONhsFXKtv2NZGhJmhvRIZr1dALa),https://www.lootlemon.com/weapon/lovable-rogue-bl3
Love Drill (Epic),bl3(BJNrIVh2dnouNSS9Lu1eA6FLe8QDB0+QWHzX9jm+86TF+v7i),https://www.lootlemon.com/weapon/love-drill-epic-bl3
Love Drill (Legendary),bl3(BBMhzz3d+XMY6bKU9aTpHL0+bmPuBFFLyTak/Zos2tD9OMFl/Dc=),https://www.lootlemon.com/weapon/love-drill-legendary-bl3
Lucian's Call,bl3(BIl6MzFeGWR66prZlU8lpXR5B1MtmT64rcuQhuRxifxHy18rmVdPfwJ9),https://www.lootlemon.com/weapon/lucians-call-bl3
Lucky 7,bl3(BEUaF3g0QkGg27xqpHTvLeXDmu5UbQjuxGdImtCt3wef4cdRFf1W),https://www.lootlemon.com/weapon/lucky-7-bl3
Lyuda,bl3(BJ0M6w9D3T2biGKHUmNp/L7XWpokZ46DgHLd+Y8SzDV+4ixWbw80/GE=),https://www.lootlemon.com/weapon/lyuda-bl3
Maggie,bl3(BHIjnjehxuhK2QKi5Ly+Fc3SgXucRWNrwgnkgL4qmds9YV+ZUK4=),https://www.lootlemon.com/weapon/maggie-bl3
Magnificent,bl3(BLZ+7U1NXdgZ3F/rHTjsKuUlMNxTf0ScY9pOHo28bV22cB8=),https://www.lootlemon.com/weapon/magnificent-bl3
Major Kong,bl3(BOQfNwYVh/N+FFecX4Qakdk8wgm2IVb7lgzgqX08A/CGk75Xsjc9JLc=),https://www.lootlemon.com/weapon/major-kong-bl3
Malak's Bane,bl3(BF4azjhD3Z7ZTGYr2D1jxVSlc63ugCSi9O5tqsjnLgq1XOSsQFxhAQ==),https://www.lootlemon.com/weapon/malaks-bane-bl3
Mana Well,bl3(BAAAAABpZoA+I92Ag0QYhvo/Pz8zgAAAAAA=),https://lootlemon.com/shield/mana-well-bl3
Manic Pixie Dream Gun,bl3(BK1WtTg2ZiR3KykklOKD0ZMpI+QSuqCNBjOdHQJhA0yHAUJL1n4=),https://www.lootlemon.com/weapon/pixie-dream-gun-bl3
Masterwork Crossbow,bl3(BNRfMgIC4e7KV4Q9rkoHTKlmSsZCXhMauOdblvTyeICG1M4lYoR5K/0=),https://www.lootlemon.com/weapon/crossbow-bl3
Mechanic,bl3(BAh5pnaqHWio+O5fUEcDNdsRSgJ3gTji4kcdYvwj4E90oepRrH7lvOw=),https://www.lootlemon.com/weapon/mechanic-bl3
Melt Facer,bl3(BDJVkguyujX4evOvAhxXAP4uIl8GoEKUa8kIxKp1Jl4gyhVFTg==),https://www.lootlemon.com/weapon/melt-facer-bl3
Mind-Killer,bl3(BI1emXl/pEf37dy/ANRjsDxls6jutqlg951jB3KOmH7R+5pgxg==),https://www.lootlemon.com/weapon/mind-killer-bl3
Minor Kong,bl3(BKI8BUE8cU76kYFRzCh2ZK/a0DEhHnpfRHmaWkHenWg2sOyPDTyD),https://www.lootlemon.com/weapon/minor-kong-bl3
Miscreant,bl3(BAc3Vi0gq1iO4s8p8oMybpiT5cVoeSlMHx1KgAh+eYxejc+tSucfV6w=),https://www.lootlemon.com/weapon/miscreant-bl3
Mongol,bl3(BNEJ9XWfdBa7/HyLsHfVntPZ8Yh6NQ13rlmwaVaHWGiFhxVPlEHc),https://www.lootlemon.com/weapon/mongol-bl3
Monocle,bl3(BNcHoUgEAPk09jsmwzdzU89wTdlt++3RFuedlm4ySrPDRGf2OtmvQRM=),https://www.lootlemon.com/weapon/monocle-bl3
Moonfire,bl3(BAAAAABw3YA+p+vCgHwiOMmEshIKEJsPiGQJxh1CAAAAAACAMgYAAA==),https://www.lootlemon.com/weapon/moonfire-bl3
Mother Too,bl3(BFUN4V3s92pKr1HwCtUD8P4WkMIQ/RMraV8HiZ/veEO4BuWWTaxG),https://www.lootlemon.com/weapon/mother-too-bl3
Multi-tap,bl3(BFZKpy75B+MT2X+eYJhGcFmxc1wSyatJi7V0NDz8fLyDh2Fu),https://www.lootlemon.com/weapon/multi-tap-bl3
Mutant,bl3(BK5/GGDQBvOz3rOXkjN4YlHQTly0io3wsWNVmT7rW8BdH60=),https://www.lootlemon.com/weapon/mutant-bl3
Narp,bl3(BAB4egYf6CoDjF4uyN34WAVSThY6mLz5G+Vsexj2MEjL/6AMA6NItsE/),https://www.lootlemon.com/weapon/narp-bl3
Needle Gun,bl3(BA46YCymnjR2IQ4+DD4TuGPG3hgKh2d4Y3k1mlPg0zC2t9akDA==),https://www.lootlemon.com/weapon/needle-gun-bl3
Nemesis,bl3(BF9DHHkpCc9jbjhMCuNNJjn/GnLd1eX28K8ar5Co/IVQQuZj),https://www.lootlemon.com/weapon/nemesis-bl3
Night Flyer,bl3(BLdNLWicAos8Ywh1Mgr4riBKYw+OmlhPphuooF6kIHD5Csw=),https://www.lootlemon.com/weapon/night-flyer-bl3
Night Hawkin,bl3(BK9ul1/LyT4VNw9L35extYA1hRr/532DOm1noQYsIhTvVy33E1YVNz0=),https://www.lootlemon.com/weapon/night-hawkin-bl3
Nimble Jack,bl3(BLV8VyHhTvfnGCuJWxwtmNDeRnhHYqFSvT9dvgLsAhshtgz+GA==),https://www.lootlemon.com/weapon/nimble-jack-bl3
NoPewPew,bl3(BCQgCSgCo8gD7w7+ijpD1Zr/hsH+p5j0NIkHY08c92SqqWBbXh0Y8ws=),https://www.lootlemon.com/weapon/nopewpew-bl3
Nothingness,bl3(BIZkJzClxAkVU7v0LDWlap3O9IygzNuRZV3QWnifR0r+9gJ6JQRurQ==),https://www.lootlemon.com/weapon/nothingness-bl3
Nukem,bl3(BBh12QdtXf9WbU4yn1xO1Yr2TKo4oUhqSlEEN1/bs60Rp7DGcg0=),https://www.lootlemon.com/weapon/nukem-bl3
Null Pointer,bl3(BIZmvAlNrrAuqdD+O5UaCJPXhMKhE7gEyCOrNtfNr3dC2CQCZ7qryi4=),https://www.lootlemon.com/weapon/null-pointer-bl3
O.P.Q. System,bl3(BFMlEF4hPbDIlvWPgCW4uIBNKYFVM0xt1KxuHwFWlDslA5q8RA==),https://www.lootlemon.com/weapon/opq-system-bl3
Occultist,bl3(BAAAAAD/L4A+3ujCgHwiOMmEsoopFpsPqHCRxR1CAAAAAACAMgYAAA==),https://www.lootlemon.com/weapon/occultist-bl3
Ogre,bl3(BBAOr3fk4OP+wVbZuy/+xEyjcBoixX8NElRldZKtMozdtXFn6w==),https://www.lootlemon.com/weapon/ogre-bl3
Oldridian,bl3(BAZVKDBPZlkhbWLFXyrfIbxl3/7esR2EgwUF09i/cs/UJGDrZBgfJbg=),https://www.lootlemon.com/weapon/oldridian-bl3
Omniloader,bl3(BMA2eB8oqseJsypYeXM4OyfQLSMN27nnhXoyocphl5jqR9M=),https://www.lootlemon.com/weapon/omniloader-bl3
One Pump Chump,bl3(BHFzFWxy8dfzzu3RtIz4lTqW6KslqjS+UcxaRUwMeWgJW+oH),https://www.lootlemon.com/weapon/one-pump-chump-bl3
Operator,bl3(BOQ11llx1XGpzrv8t+K90HdNLz2Wpk/Cg2mahA0QoOPbWwQfef0=),https://www.lootlemon.com/weapon/operator-bl3
P.A.T. Mk. II,bl3(BCY+xmcS4OOM1h7n8xXt2WXzc08+3lMhjrHQLxZgrXWOoTg=),https://www.lootlemon.com/weapon/p-a-t-mk-ii-bl3
P.A.T. Mk. III,bl3(BLEcPGRY5VBp9OckR001VSXUQ8QLgg9ylNWTRH76rdcz3YfQLg==),https://www.lootlemon.com/weapon/p-a-t-mk-iii-bl3
P2P Networker,bl3(BLQDtEXc7O2Dwu7MBNDBc1a5DKr98YPV1OPSF7oi4129X1qZ),https://www.lootlemon.com/weapon/p2p-networker-bl3
Pa's Rifle,bl3(BBAEWGLC8N187x+POZahH0DTNFMZ2UIQfDoucF7V0pBi2rfi),https://www.lootlemon.com/weapon/pas-rifle-bl3
Pain is Power,bl3(BKhvJT3yuSq9E2O/vohxo2L7pP8V1i2TAqJqR4kcDEwqKBMVAg==),https://www.lootlemon.com/weapon/pain-is-power-bl3
Peacemonger,bl3(BPlprBQGYIcOZYAVPbjBJ8e9evnH9P4/Y3HuoYmYKxC2C9U=),https://www.lootlemon.com/weapon/peacemonger-bl3
Peashooter,bl3(BJo4RGxSXMTDwLWvBCmO/1IR7PltiauWUK49nvhyWDGleln7oxighw==),https://www.lootlemon.com/weapon/peashooter-bl3
Pestilence,bl3(BF9tlTK2zxlfWhCoixpF48yKxJNEZ/0raZJeg1RxVCRZ1hQhTMU=),https://www.lootlemon.com/weapon/pestilence-bl3
Phebert,bl3(BMQQjD1u20owvXn+W6967V5Q5h9wk9nqkF1a1exh3V3/7Gf62gP3),https://www.lootlemon.com/weapon/phebert-bl3
Plaguebearer,bl3(BLYFGDmp8jt1sgq3VDE1y48V+kFVYX1NLRY8KJWcV43xIQ==),https://www.lootlemon.com/weapon/plaguebearer-bl3
Plasma Coil,bl3(BL842jE430hUInLEs1ZqmBPn5yfhuhDd9BZq0rhy3a2Psv/W),https://www.lootlemon.com/weapon/plasma-coil-bl3
Plumage,bl3(BP5mwQshtqEf1E+d5EMjvdPv2EyHIy9pYl5H4hcD0t/Af/m/xzM=),https://www.lootlemon.com/weapon/plumage-bl3
Polyaimourous,bl3(BBwsgkZMpU1h7rDd1KPlwErzGbBQOftOlihC/MnCK6xazyRYxgJYbw==),https://www.lootlemon.com/weapon/terminal-polyaimorous-bl3
Polybius,bl3(BGM2cltcbHxYavCx4alAgoBvQllFneVlZj4fShrXMew6JlUzcQ==),https://www.lootlemon.com/weapon/polybius-bl3
Porta-Pooper 5000,bl3(BEBe4H73gAaWxlt+MHyr0ZRrVtFHyRkTzN8Y9J8zAY21T4pXnYwGEDw=),https://www.lootlemon.com/weapon/porta-pooper-5000-bl3
Portals and Shite,bl3(BF5scnYhTZNtyjbxkOMP8EUn/7rgs5YO8YqFmF+4VB+0bASzSQ==),https://www.lootlemon.com/weapon/portals-and-shite-bl3
Predatory Lending,bl3(BAFJaBEHVrvb56OO0S5SucmABzb98MaxzE5RcIJwzfuHw0hnPOY=),https://www.lootlemon.com/weapon/bankrolled-predatory-lending-bl3
Pricker,bl3(BHlTuTWkdleaGynhLBIt0WUEy2A57G8+pH9mVxnwcC31Z8B1yC0=),https://www.lootlemon.com/weapon/pricker-bl3
Projectile Recursion,bl3(BJUOxHRqGr+dMkS9oJz066SNalZ54xY688O1m8AEUjdyLNvVNw==),https://www.lootlemon.com/weapon/projectile-recursion-bl3
Prompt Critical,bl3(BGQ7aiGRD8SB/+NL/dMMdJVST9Z9CR2cabd8vdZz/xMA//p6I3XTLig=),https://www.lootlemon.com/weapon/prompt-critical-bl3
Proprietary License,bl3(BEc3KSbgbN/r3pT7sTbY9lBTgbQaDY1BYrcmYLDDa5RXi1kKt4zCVpE=),https://www.lootlemon.com/weapon/proprietary-license-bl3
Psycho Stabber,bl3(BPInCyBXrvgSbwtfHcg3Ngz4lcS8rKMxa1S2h2e2bNBRjG8=),https://www.lootlemon.com/weapon/psycho-stabber-bl3
Quadomizer,bl3(BHEZm2EWSkIEP8FNQcmU6C88FlI5DtcjA0o4IyUQgZA/pC/DNm0=),https://www.lootlemon.com/weapon/quadomizer-bl3
Queen's Call,bl3(BJgtiRAq0EGv7B74NQMTFbZv3tHN6MOXZDwpqEjzhgPHm/R8sw==),https://www.lootlemon.com/weapon/queens-call-bl3
Quickdraw,bl3(BONX5Gu99DIY8d4L6Nlv0IvnFovMic2MyUGEH1fY9kka8E03aVkB),https://www.lootlemon.com/weapon/quickdraw-bl3
R.Y.N.A.H.,bl3(BAo0nWq+B2tfTKGna47S2ckpkIbtC7/w5Beeb6hQp+7Uxb6t/w==),https://www.lootlemon.com/weapon/rynah-bl3
Rebel Yell,bl3(BG5ifgRlZbmbZjUkkPFqetYbKzCo5R+JwiwD17YbTtrr8cGw),https://www.lootlemon.com/weapon/rebel-yell-bl3
Rebound,bl3(BINdGh5GGLp6uHAQN8to0jOBNghnPsKJptK1sq/3T9uDQHwsSTbggmA=),https://www.lootlemon.com/weapon/rebound-bl3
Redeye Rocket Pod,bl3(BNgMQxlqhd2mfGNpIS0y3yavHt8fvsnY1TDp4CE/lQOIwasHdHU=),https://www.lootlemon.com/weapon/rocket-pod-bl3
Redistributor (Legendary),bl3(BEx8gn7hfDo4o/OPKjgm8wa4pSLe+rC4d2tRfGoMHta0cV5vPXZ+Pg==),https://www.lootlemon.com/weapon/legendary-redistributor-bl3
Redistributor (Rare),bl3(BIc/pCJldQU+L0N4WHmVHEO6A7L6w46xAGgTfI98SJikElX5Pa0=),https://www.lootlemon.com/weapon/redistributor-bl3
Redline,bl3(BG0HVkwT2oBebBwfNuO0cr9uUiWEsQWON5aJOMucIzy7i9Al),https://www.lootlemon.com/weapon/redline-bl3
Reflux,bl3(BJ1oMk4pdl6gvsSBKghsVpkCxRiqGiBEyMTr/e0z1WDvYMp7er0s9w==),https://www.lootlemon.com/weapon/reflux-bl3
Res,bl3(BPta53oqi027Kf9uojVZFV88wUoSeVuYo7K0tCqEP8YD3y4=),https://www.lootlemon.com/weapon/res-bl3
Reunion,bl3(BC0xsHv8FJ6jIhN9QUn5dVqIt2TTXQQiIL+WKoW4W4ws/oac8dQ=),https://www.lootlemon.com/weapon/reunion-bl3
Ripper,bl3(BPoAPRIjJWe6VbFBdtYbfiJVRUEP/snreGm19ty4kaH0I2XVuncQWl4=),https://www.lootlemon.com/weapon/ripper-bl3
Robin's Call,bl3(BKQeMHOZyo5V9PomYBo2Baj7Q6kxOQObHgHKr1GrT+hWpy9Hhw==),https://www.lootlemon.com/weapon/robins-call-bl3
Robo-Melter,bl3(BKJ56gfUXcM1kPALg4tPgOzDzuuYGEfCq5fHBrU2RJcrUJqpHek=),https://www.lootlemon.com/weapon/robo-melter-masher-bl3
Rogue-Sight,bl3(BNYp90MCn2WRKKPMZr5WVH5+gy3Q1ClumtOIWVKWmANljC0qaXk=),https://www.lootlemon.com/weapon/rogue-sight-bl3
Roisen's Thorns,bl3(BAAAAACTFoA+NevCgIwiOMmEsvodBIiN6QMqVIBxhxAAAAAAAICMAQA=),https://www.lootlemon.com/weapon/roisens-thorns-bl3
Rowan's Call,bl3(BNQQHhoQVaYl2ksK+jBMUHs3NrtW2Z3mV32UdFKzjdWhkUXf),https://www.lootlemon.com/weapon/rowans-call-bl3
Ruby's Wrath,bl3(BPIyM0ewJz4ZlNLBgM2yFt/pwxXd2R85Fth5/cKip2JLESti),https://www.lootlemon.com/weapon/rubys-wrath-bl3
S3RV-80S-EXECUTE,bl3(BF9wdQxTdEFcT/9ddBoUAVZdTjw515sZLK9uPHM9MRm6mg==),https://www.lootlemon.com/weapon/s3rv-8os-execute-bl3
Sacrificial Lamb,bl3(BEASlEfCYLoFNIs3RTTn2PVLOOvXTtrXXrGq+AVq1jAonQNSkXU=),https://www.lootlemon.com/weapon/sacrificial-lamb-bl3
Sand Hawk,bl3(BHQ5jEoPgGrSkN/x24/4Ju9u9RgIl408/oX9lR1l+8v4/MbnhMzIua+n),https://www.lootlemon.com/weapon/sand-hawk-bl3
Satisfaction,bl3(BDUhSyF/So3CBcEsrJa7TySSLphXjixD78AetiiID+Fe+jCWgTjIAA==),https://www.lootlemon.com/weapon/satisfaction-bl3
Sawbar,bl3(BLQtQyiEStmxIbOEDwf1FCr8bZVJZ9OdoLbdctzJ+hIFGqI3y0At),https://www.lootlemon.com/weapon/sawbar-bl3
Sawpenny,bl3(BJNCnAWogUep5S3WxqZmCuXn8Uz8ekFNuesBNhpcp4wNsTwR5BQ=),https://www.lootlemon.com/weapon/sawpenny-bl3
Scorpio,bl3(BIBQ70WPHsC3F5wNi3HFSKz3IULHxV7wzDjpCxub3Ncw748=),https://www.lootlemon.com/weapon/scorpio-xl-bl3
Scourge,bl3(BMVcUCFY6XxYIRjPIOQ5JA07EzIO8btljBPTpH9c9I0pbolCpg==),https://www.lootlemon.com/weapon/scourge-bl3
Scoville,bl3(BNBBTTgBWKlHNOdaWIcuvC3WXW/J0/YG0eiG73zqD6bSEf2JcMJOULM=),https://www.lootlemon.com/weapon/scoville
Seeryul Killur,bl3(BF18fX/b7Cbru28Q6+D6hWt7tvSxVFJzXbMoogb9fYX0Q/2PsoYWqA==),https://www.lootlemon.com/weapon/seeryul-killur-bl3
Sellout,bl3(BGZanFe8CdY2dc/m2K0Kf393yGU5FSGtrNzBdo3bHT2t5V7h5xc=),https://www.lootlemon.com/weapon/sellout-bl3
Septimator,bl3(BEQfUjvY/9TSRSWjbjF44pcR/jok9Iv9+g5HXGLP/5JuXbwXlJTqy2I=),https://www.lootlemon.com/weapon/septimator-bl3
Septimator Prime,bl3(BK0jelfvSRkucXZ5HkjC5Rie5HCF6quE21s/W0DTvk13HvVnms5hRwMl),https://www.lootlemon.com/weapon/septimator-prime-bl3
Seventh Sense (Epic),bl3(BHNMElyfp2M4vselTeqg6P4rZbm9C3C3GsQTHnVQ9sKf7A4=),https://www.lootlemon.com/weapon/seventh-sense-epic-bl3
Seventh Sense (Legendary),bl3(BOQYAEC6jIZZ4JqVuyUYVYwAPJ7a8CZx7jHR4Io4GmuwKeGHCBJM),https://www.lootlemon.com/weapon/seventh-sense-legendary-bl3
SF Force,bl3(BHZ/vHTCkULlvisRZRAZiSx9Uk65gJLD0hB/NV3q2Z9NPlMLR+K6VQ==),https://www.lootlemon.com/weapon/sf-force-bl3
Sheega's Launcher,bl3(BEkhUhnZgGwl+9rvf7T0lEi/K1SH617k8ZDb85Hv5Mb7r2Eah50gZQ==),https://www.lootlemon.com/weapon/sheegas-launcher-bl3
Shocker,bl3(BP89ziIDszScYGUXHVCApjDbC3J2HK4MOoCGWJszZrwjKOU=),https://www.lootlemon.com/weapon/shocker-bl3
Short Stick,bl3(BPBDU3FATG3+pnyHlhGh3BTEBOJyKsubj5s9XaGWlVmnHc44NsYWNw==),https://www.lootlemon.com/weapon/short-stick-bl3
Shredifier,bl3(BDximHLzUB/TH8OL03xFsZXPl5o85fhuQxW561gz3hjmTMcJGjc=),https://www.lootlemon.com/weapon/shredifier-bl3
Shrieking Devil,bl3(BB94kAClyVvCLdG9V4cIgBOhlUzSK8GZtoTRQ6+jBkdPIIa/2d2k),https://www.lootlemon.com/weapon/shrieking-devil-bl3
Sickle,bl3(BNVHXm0JTosItM25j1XrFxoistCq2644Q1ioF7ph29+WjSEUh+g=),https://www.lootlemon.com/weapon/sickle-bl3
Sidewinder,bl3(BAAAAADBfIA+kJXAgDwGGoRWBQRa4g4AAAA=),https://lootlemon.com/grenade-mod/sidewinder-bl3
SkekSil,bl3(BHABOUYRtgjGB/CjnYqpNszHoTVUoGYsTn0VsxrrsgtcZvg7H8Qp),https://www.lootlemon.com/weapon/skeksil-bl3
Skullmasher,bl3(BN18jFb6jf5glJzwK4ltlKf0I9cM4DNTdMS/1dtiWyZyc+IheCpVMWw=),https://www.lootlemon.com/weapon/skullmasher-bl3
Sledge's Shotgun,bl3(BN57yiTce4F+uOsxXNcPwxHFGqOcTWQykDDuCjUCJBG2+tce),https://www.lootlemon.com/weapon/sledges-shotgun-bl3
Sleeping Giant,bl3(BFNzDSOBnT/Y9fYa+VbCg+KWADk9EcHlOcfJC6v+eT6AvwJnkUk=),https://www.lootlemon.com/weapon/sleeping-giant-bl3
Slow Hand,bl3(BClXYlN2v5kx57O4r3lB+N39Pv51tbTdw81/yIGQuoJHo7sc),https://www.lootlemon.com/weapon/slow-hand-bl3
Smart-Gun,bl3(BJEKa0t3l5+l81C2mco7AbokAGild1yJAMVlg2VBqDk7ZTI=),https://www.lootlemon.com/weapon/smart-gun-xxl-bl3
Smog,bl3(BKxBfSPVXFU4sjXWpdJf5CADWtsnclvo6D1vEdm2THf6Tr1cfdT8zg==),https://www.lootlemon.com/weapon/smog-bl3
Soleki Protocol,bl3(BB8RWDVyQWtQGwgaXfH5VBXbo0e6UH35kOe3H8YNLFvx7S16zLn9tA==),https://www.lootlemon.com/weapon/soleki-protocol-bl3
Soulrender,bl3(BJoysQMGLvYh8PcIzPs+SvCu2gRKECyja3/c3C0fGcH7hliDMXNgwNk=),https://www.lootlemon.com/weapon/soulrender-bl3
Spade,bl3(BDQjIgj/4GsD5K0JbkINsmUUPT+5xCBUdk5MldxxutwTQ7KUmyo=),https://www.lootlemon.com/weapon/spade-bl3
Splinter,bl3(BFB0sWtWUXYbKWJItbZrA5DQylidunNrE/zEF0ATBV7HgTCwuQ==),https://www.lootlemon.com/weapon/splinter-bl3
Stalker,bl3(BA87fmCEyV2VtHI3a/laB0PVipjjUg5urWW9t4um/Dcqf36WFlpwqA==),https://www.lootlemon.com/weapon/stalker-bl3
Star Helix,bl3(BEpgP2qIlxShbEWkRnqFrvlXJIbPoUzNhCSEwaa9O8hc5oAkag==),https://www.lootlemon.com/weapon/star-helix-bl3
Starkiller,bl3(BMQIYjfephqhm+PXjDhJ6RnoeGp5sMg7M6F6eRxdHgKer++KsQ==),https://www.lootlemon.com/weapon/starkiller-bl3
Stauros' Burn,bl3(BKIRjTZUBca2VIh+RnhFu1gi2zAZ4IvKoKaQSTLWB35FUIjvGj71kw==),https://www.lootlemon.com/weapon/stauros-burn-bl3
Stonethrower,bl3(BEhpqXnN7iNwZa0hmsvAyz+A7UtWjmxA0Jye9I6Lezy1Brv7Oe0=),https://www.lootlemon.com/weapon/stonethrower-bl3
Storm,bl3(BC96Rlh2vh4Z/l6WPZeR+iRu/YPxF8/GILc5+zJsODOZ4fcUHA==),https://www.lootlemon.com/weapon/storm-bl3
Superball,bl3(BDYHXGGxaKU9yuiE8CSHDzlT+zC8JbCzy+hc9lB2snj059dA),https://www.lootlemon.com/weapon/superball-bl3
Superstreamer,bl3(BB5m4BWDlJSaXH/UNG8IZYb7T5qFV/fhE/zfAEXrv+ItpPy/bxLM),https://www.lootlemon.com/weapon/superstreamer-bl3
T.K's Wave,bl3(BLBjLEG20sIDiEVs8DJ0EaJyZHRH5vsz+unAuPOflf8kSOo=),https://www.lootlemon.com/weapon/tks-wave-bl3
Tankman's Shield,bl3(BEdTsmwfiOXRwUCZ+9BMgJoNjuYm0nu5RYcxOtxnSe7RkGCSchEihNIh),https://www.lootlemon.com/weapon/tankmans-shield-bl3
Ten Gallon,bl3(BG14VE7+mDrEDQu+R0rAEH2EmFTQ+N/avGA3NGcZlxpNXidd),https://www.lootlemon.com/weapon/ten-gallon-bl3
The Beast,bl3(BNAA5EpU+fcueq5UfqphU0eg9iXFWpO0ii23TZ0UqFsVdRBhK2VDrsg=),https://www.lootlemon.com/weapon/the-beast-bl3
The Big Succ,bl3(BP9e9DPolPtehBmuKnttwnKGkcxPIe2b8bgj0b/tXntfbA==),https://www.lootlemon.com/weapon/the-big-succ-bl3
The Blanc,bl3(BO5f72cic63XuyDbk93TFNpYVA3v33DI9fzjsxnAce6fBCojqA==),https://www.lootlemon.com/weapon/the-blanc-bl3
The Boo,bl3(BEU3WkB3bU6jIQ+aVJi+pIZXzbP0XVwGeT4wykuQ1fAJPsfqYg==),https://www.lootlemon.com/weapon/the-boo-bl3
The Boring Gun,bl3(BC9rp2Vb8jMXv0XWdRM4IyycAVq++c9W823IdnU6D6kQDA==),https://www.lootlemon.com/weapon/the-boring-gun-bl3
The Butcher,bl3(BLpIHhvImheYwzsQtOSEBm8d5ypxgcNP4ly9+/HKlCxm1STxSzA=),https://www.lootlemon.com/weapon/the-butcher-bl3
The Chalice,bl3(BC8eTWeMal4QvEYreVsqNHL6j7Mx8RVk4cAcLbSgXAgfwmrQ),https://www.lootlemon.com/weapon/the-chalice-bl3
The Companion,bl3(BPcfNj+ZUOBMSoUHkQqqfggH8MZqbcwV7f27U1iSwHJdzwo=),https://www.lootlemon.com/weapon/the-companion-bl3
The Cure,bl3(BEJmXG6bbadeF4vGx3V31oV7DpegP86b/esBlwgCHgxNvrdhrA==),https://www.lootlemon.com/weapon/the-cure-bl3
The Dictator,bl3(BLUw5SoCLdh2JUGpRRSMkJptnzQx8ixh0l7ARqCgDqy0Ql4=),https://www.lootlemon.com/weapon/the-dictator-bl3
The Duc,bl3(BGoztEEKDGB+MQuFS9lXyEoM4a3Y+Z+ALOTgdgHnlRDCRwzg6vk=),https://www.lootlemon.com/weapon/the-duc-bl3
The Emperor's Condiment,bl3(BHUftnCGNYcDD6MCxGzZq/kfjL7rmsdjRnD0x5LE7NUw/vcCsXE=),https://www.lootlemon.com/weapon/the-emperors-condiment-bl3
The Flood,bl3(BLpJGUX90x2X/DE1uwcsHXRNSBDw88bJq10ouO7kv1JN+A==),https://www.lootlemon.com/weapon/the-flood-bl3
The Garcia,bl3(BH9or2Zwmk/lTVikbMBEtkZ3mjR43LVR1HsTZaKyY2ldWFqqwgw=),https://www.lootlemon.com/weapon/the-garcia-bl3
The Horizon,bl3(BCs5jFnweBUJMnZxjL0h6hKJV+McfPsU3GjUKveS5ZBXJVg=),https://www.lootlemon.com/weapon/the-horizon-bl3
The Hunt(ed),bl3(BDYx8HxtDYYza9KsHpGY07rK5yu41+L5+RiQOsnrNHj9xEso81M=),https://www.lootlemon.com/weapon/the-hunt-ed-bl3
The Hunt(er),bl3(BPcwsg8jQd2MJHe5Qdm90/ap5/n+vVZ56kkZi1TrVGHez4wPb5g=),https://www.lootlemon.com/weapon/the-hunt-er-bl3
The Hunt(ress),bl3(BFU4GXpPmm0AC/MSeQsN/x9IrMK2IlV0vRkwrW7X5g3A0w4yktA=),https://www.lootlemon.com/weapon/the-hunt-ress-bl3
The Ice Queen,bl3(BL8Bx0QWB0uNiHxMRfmdFTll5wzLRH2YTbaXbxogIlX1oDgY2bQ=),https://www.lootlemon.com/weapon/the-ice-queen-bl3
The Killing Word,bl3(BCZHr1VZ4H0TnVGxK2vJQ1/Rjg+v0zW9yPFPGA49zseIkvUEgg==),https://www.lootlemon.com/weapon/the-killing-word-bl3
The Leech,bl3(BHVYtj98Vdi025EueQQ3YFIJndntOXJ8K9+2c7b+AevGfYHztw==),https://www.lootlemon.com/weapon/the-leech-bl3
The Lob,bl3(BCMZdj2Df2oguigN1Wg9xxG+ZM0EJD94EOQCz/tk31wpRJQ=),https://www.lootlemon.com/weapon/the-lob-bl3
The Monarch,bl3(BBZotCIw4rGxUaDJ0f6c2d7vasBE2F/KHNZvBfHzJHrLIiNCc4lhwAY=),https://www.lootlemon.com/weapon/the-monarch-bl3
The Shoddy,bl3(BJVA+E6FbQQ2qlAK36eMtRHYmJpNbhPh2K5n0vxUoo1PB624),https://www.lootlemon.com/weapon/the-shoddy-bl3
The Tidal Wave,bl3(BF9wOEysjTLcgb9JDbf19ZQWd18NgZAmMIEQA22jolmM0ZY=),https://www.lootlemon.com/weapon/the-tidal-wave-bl3
THE TWO TIME,bl3(BFEkPm+M2elUYOjHFFxtXpkSMj2h1CSIFJ7q6ckjQtiRFUat),https://www.lootlemon.com/weapon/the-two-time-bl3
Thumper,bl3(BGIXgCBKh749bX/a7Dmw/BmX4idYqu9RabFT0953zJyPsUAWOQ==),https://www.lootlemon.com/weapon/thumper-bl3
Thunderball Fists,bl3(BCgLX3UvqCjEBezp0Qy5TgWSl/69kzLN8XNvwBqcTm2KuPY=),https://www.lootlemon.com/weapon/thunderball-fists-bl3
Tiggs' Boom,bl3(BDIWAClipkkSWKHzFwF8ASe46DUYPL3Kch1h0Y69CesuemNtiPs=),https://www.lootlemon.com/weapon/tiggs-boom-bl3
Tizzy,bl3(BKsrc06ppai8SwWqLrHUC6dOl2urhfgnEafMqF/LHGoAp3aqkw==),https://www.lootlemon.com/weapon/tizzy-bl3
TNTina,bl3(BAAAAACnXYA+j+3CgGRwTSbEsflASReVKe4QAgAAAAAALIMAAA==),https://lootlemon.com/weapon/tntina-bl3
Torrent,bl3(BGd4ZUuR3CSfHr+aqX1NxirvG7CzNA58NNnCWS0n/BuGvlnb3c86pk8=),https://www.lootlemon.com/weapon/torrent-bl3
Traitor's Death,bl3(BOJoFHpHN1wg0+ShWlmIV8Yr3RlomIcQiM+2U1xLoJh1110i),https://www.lootlemon.com/weapon/traitors-death-bl3
Trevonator,bl3(BH8taDK56Vq6AQ3/t8bDe7g+07QfhOyrMauzhJmR/4oIKuvahi4K),https://www.lootlemon.com/weapon/trevonator-bl3
Trickshot,bl3(BNNStxvb+5WrBQK39yHASluolUoSVNfDbFjaf8cVXEszoQ==),https://www.lootlemon.com/weapon/trickshot-bl3
Troubleshooter,bl3(BNRccx/s29c+1g0a77/BIWTRNUtz/GV1mvhNIewaxUCpdDG7),https://www.lootlemon.com/weapon/troubleshooter-bl3
Try-Bolt,bl3(BPJLwirh7s6rA6EKRjKu5m2jisoDaOy463InRX0X1qxL4Hranw0=),https://www.lootlemon.com/weapon/try-bolt-bl3
Tsunami,bl3(BMIrwT5EGra+arBd2EYIWZtYcjlAOv/E7KomY1x1YrN4ZGM7fg==),https://www.lootlemon.com/weapon/tsunami-bl3
Tunguska,bl3(BG8DLU3adOyEjJZesvJpu63r7NAYXhv1wTrSJSQaMPJAaJbk),https://www.lootlemon.com/weapon/tunguska-bl3
Unforgiven,bl3(BIQgazM3/bBbbyxQv3LjAJ11nui+Hvn1z9qMFVZlLx4W3C1z),https://www.lootlemon.com/weapon/unforgiven-bl3
Unkempt Harold,bl3(BF0fKHdFRD5KIQQ1CTYkcgDx3k/d2KIzU62IZMpByOTexJ1J9gul4w==),https://www.lootlemon.com/weapon/unkempt-harold-bl3
Unseen Threat,bl3(BMwq3mWDpuMDMglYudU4rmtswuwog6shBOHb5JMs0vJnKZh5ss8LUUg=),https://www.lootlemon.com/weapon/unseen-threat-bl3
Vanquisher,bl3(BAp/BywrcetChxC9yNn1+wrAoAdXo6r0XYmLwDLQ1btRD5+3PuiQ/nA=),https://www.lootlemon.com/weapon/vanquisher-bl3
Vault Hero,bl3(BAkimgj+lMYDZnT8pQonpjCJLmvFA+LDcRMqo8EbuY5P06vY),https://www.lootlemon.com/weapon/vault-hero-bl3
Vibra-Pulse,bl3(BGlX6huV1FHxeNQJ86/hq4wPUUSKYMkI02sERuG+pN/6k8VLkw==),https://www.lootlemon.com/weapon/miss-moxxis-vibra-pulse-bl3
Vosk's Deathgrip,bl3(BK9SLHJdSkSBT12jG3fkqcvLZWxh6eQi97lY8FenfvVkGvAhb+JD),https://www.lootlemon.com/weapon/vosks-deathgrip-bl3
Wagon Wheel,bl3(BKIIYz7jwZzX3xadTU0ejEBdfOjQl3XyhsBIAtmqoeBfH8orCeQ=),https://www.lootlemon.com/weapon/wagon-wheel-bl3
Warlord,bl3(BGY8XCP/jUosTETzSIQ19WM2M3DVNmhZNzEKbCt295GzAf0j),https://www.lootlemon.com/weapon/warlord-bl3
Web Slinger,bl3(BHYkxwFhEyhnwQPgZRkSgZvsR6bKTVVOpUO8BiUFtTF8TcBHSQ==),https://www.lootlemon.com/weapon/web-slinger-bl3
Wedding Invitation,bl3(BDRXe1M3dDby+L94CLM3aB0H6Bekq/wmvwfaec9BqEGl6UJR4lid1Ms=),https://www.lootlemon.com/weapon/wedding-invitation-bl3
Westergun,bl3(BLF10wzRBgrr7Gb35xbWWOMqXYwTDIman6ifOI2C8S15Ie7pdA0=),https://www.lootlemon.com/weapon/westergun-bl3
Woodblocker,bl3(BDp54wLCPkeHSQiBpTSJFbQhY9aBCjM6WV2tQnEjBU4u/4KmTctgBww=),https://www.lootlemon.com/weapon/woodblocker-bl3
Yellowcake,bl3(BPEu413GW8xFqC49PAd7EJyYxG+pgtCakHNQn45qJnePEozYXdodWQ==),https://www.lootlemon.com/weapon/yellowcake-bl3
Zheitsev's Eruption,bl3(BNVgl0qs9tXu+tALSwNa+5owzXiuXoeYnPcvqH9xxXqwsSaIKAsekBg=),https://www.lootlemon.com/weapon/zheitsevs-eruption-bl3
All-in,bl3(BGI+in8h7SF6UXYBITtDu1mRnhlq6O+X+opVguCChr8/0Q==),https://www.lootlemon.com/shield/all-in-bl3
Asclepius,bl3(BJEI+0CEEA5XqIdvj4fCbxBjJWPodgKJkg==),https://www.lootlemon.com/shield/asclepius-bl3
Back Ham,bl3(BIUoVCxPF1F/6L8BuexqswWc7Ku1RUraCA==),https://www.lootlemon.com/shield/back-ham-bl3
Band of Sitorak,bl3(BHNPZGiygRaW317v0vKG9sdF8lSq5yh00A==),https://www.lootlemon.com/shield/band-of-sitorak-bl3
Beskar,bl3(BApPVzjVCMNn1QPQdhQKfRi4yc+lfCV+8g==),https://www.lootlemon.com/shield/beskar-bl3
Big Boom Blaster,bl3(BNMsMi8BcUlB8KiL8jixWsOP8HlMGzRdvQ==),https://www.lootlemon.com/shield/big-boom-blaster-bl3
Black Hole,bl3(BLwAHmuw2iI+kE61G5hvQjPrVbMZY4U=),https://www.lootlemon.com/shield/black-hole-bl3
Deluxe Badass Combustor,bl3(BCkU5RA1XQiQuh9yZzcB9MGKKqhFwELBxw==),https://www.lootlemon.com/shield/deluxe-badass-combustor-bl3
Double Downer,bl3(BGkLuTd8ke2UsmqfYjNH0ten//adK/F/2zIXBH1hCA==),https://www.lootlemon.com/shield/double-downer-bl3
Ember's Blaze,bl3(BDVJ6n7VH05Sz92l5nPv14Dcbnu5B2K0WOtfX9Pc4qBW),https://www.lootlemon.com/shield/embers-blaze-bl3
Faulty Star,bl3(BL8rsXSPBQ/H3ZbYT9RZqJ2M5zyFojwXPw==),https://www.lootlemon.com/shield/faulty-star-bl3
Firewall,bl3(BMxhsU1BparD5fbcvvcAnJVSzTCQLwp9Mw==),https://www.lootlemon.com/shield/firewall-bl3
Front Loader,bl3(BGESqH6OpYwyRHf/gIl1m2TQj9Qj/o9Cgg==),https://www.lootlemon.com/shield/front-loader-bl3
Frozen Heart,bl3(BIFQ2gUa5VpKiAymCjWx/io4XhcJJoo=),https://www.lootlemon.com/shield/frozen-heart-bl3
Gas Mask,bl3(BLJIjRdxbD43g2zBX+nft7dU/pBUd+cAhabl),https://www.lootlemon.com/shield/gas-mask-bl3
Golden Touch,bl3(BPxWI3ypHJyKiiteb0JvbYbtSGGtizIdIq07yXrF),https://www.lootlemon.com/shield/golden-touch-bl3
Guilty Spark,bl3(BJ1fViHi3FZxHN8id7QQM5F0HFgPzw3o),https://www.lootlemon.com/shield/guilty-spark-bl3
Impaler,bl3(BJIJvDV9GqfHzCCKvjFwEB+JbXCrp1x/mg==),https://www.lootlemon.com/shield/impaler-bl3
Infernal Wish,bl3(BMIVxlcEzcVIq0cnClPi9ojbMwSbs4Fi),https://www.lootlemon.com/shield/infernal-wish-bl3
Initiative,bl3(BMx55xk1lhTvDf/yCMqFXKJdv2fGlkvyzSWAaZ/67A==),https://www.lootlemon.com/shield/initiative-bl3
Limit Break,bl3(BEVcp0HEmTi7or9pkR28yXc02KUrxCw=),https://www.lootlemon.com/shield/limit-break-bl3
Loop of 4N631,bl3(BP8Mbx0h/VuxMtobIQo4S573kSLzb/Or),https://www.lootlemon.com/shield/loop-of-4n631-bl3
M.E.A.T. Shield,bl3(BKo2DQ0FPAG+S7sWvw+SY1oYhEf88Z4NVxIJ0fHK2Hk=),https://www.lootlemon.com/shield/meat-shield-bl3
Madcap,bl3(BJcIkysVsjkzh+SzhMUnOIdK3qBDJy9lt+s=),https://www.lootlemon.com/shield/madcap-bl3
Mendel's Multivitamin,bl3(BCdDUVA+eIVDlNffbopqVEhYp+pOpEKa7Ds=),https://www.lootlemon.com/shield/mendels-multivitamin-bl3
Messy Breakup,bl3(BF5CPWVENkoBhsiyH6qgu6hyh0ndSblgtw==),https://www.lootlemon.com/shield/messy-breakup-bl3
Moxxi's Embrace,bl3(BJBjkBgKq3OYUQuEnVBm7Yh5BhRox6Q=),https://www.lootlemon.com/shield/moxxis-embrace-bl3
Mr Caffeine,bl3(BIMQQnpKkpadNl0iJ6p4mbltaHJYl4yo),https://www.lootlemon.com/shield/mr-caffeine-shield-bl3
MSRC Auto-Dispensary,bl3(BO9EHBeqCctUWyisKYpKROYNXhQ03oQxqo8/hmKVXw==),https://www.lootlemon.com/shield/msrc-auto-dispensary-bl3
Nova Berner,bl3(BA4Cgm83HgnO5fhI44VAQFVAwJWZntTskg==),https://www.lootlemon.com/shield/nova-berner-bl3
Old God,bl3(BPFirzEyNFhffN2JUwDsnq8KZwgJNNFO0es=),https://www.lootlemon.com/shield/old-god-bl3
Plus Ultra,bl3(BEoqBBBXnu5tsgnkZrkuGXf7lot5v0EoPA==),https://www.lootlemon.com/shield/plus-ultra-bl3
Re-Charge Berner,bl3(BO0SKmmtBb4oO/wJfBlvpxf2X5Pr/z1cTYbA79Lp1cw=),https://www.lootlemon.com/shield/re-charge-berner-bl3
Re-Charger,bl3(BAV1RVxQ+auqcKNiJywH8kEwaMZC4JDeGA==),https://www.lootlemon.com/shield/re-charger-bl3
Re-Router,bl3(BIR5MEpgiaj9UwYxRqFX/JvRjB3hoPdm),https://www.lootlemon.com/shield/re-router-bl3
Re-Volter,bl3(BMpb1DJ4dqGEVo6I87Z5nr24+RywKw4VR50=),https://www.lootlemon.com/shield/re-volter-bl3
Rectifier,bl3(BOpM8kYONllTss4LtRnk9HELxaDqasn3IQ==),https://www.lootlemon.com/shield/rectifier-bl3
Red Card,bl3(BC9inA5HUon0c9+9Vk+0jVIs9cBKFt4z2w==),https://www.lootlemon.com/shield/red-card-bl3
Red Card Re-Charger,bl3(BMc04mXEC+huWONQme/G4FyWfaSiap+QQg/6Uydnmwk=),https://www.lootlemon.com/shield/red-card-re-charger-bl3
Red Suit,bl3(BOk1P3F6hfBdJt/kAyR6nNlfCu7WbMMhRg==),https://www.lootlemon.com/shield/razor-wire-red-suit-bl3
Revengenader,bl3(BCtspiM/rQVjQ6x4HRILAmLPx74gDRwmeW+VUYzgtFVn),https://www.lootlemon.com/shield/revengenader-bl3
Rico,bl3(BKt8EyN51fpAdmrXTESMZ25dXWZFiizlWQcg3iOZ0zKz),https://www.lootlemon.com/shield/rico-bl3
Rough Rider,bl3(BAETMiIWeEUSYxMSUnMMaLqgjm/9cIAZJA==),https://www.lootlemon.com/shield/rough-rider-bl3
Scream of Terror,bl3(BGJ+exiIatQxAa83e5gWckF8X4W9piRD),https://www.lootlemon.com/shield/scream-of-terror-bl3
Shooting Star,bl3(BGQafE8UrV8lBGWRf5zlQ9D0KKDwkYRHl0MpUrY4aQ==),https://www.lootlemon.com/shield/shooting-star-bl3
Snowshoe,bl3(BFRYw29U5XKqAWjUHpWTJ0ZVOWMT/8r/s5w0vzk/OnQ=),https://www.lootlemon.com/shield/frozen-snowshoe-bl3
Stinger,bl3(BJg6IFV6V0CiNK74JkIzwBu9TM9IWYiFqA==),https://www.lootlemon.com/shield/stinger-bl3
Stop-Gap,bl3(BGo971LwY/Ft2bUZI6revR5lR+jMsS3p/g==),https://www.lootlemon.com/shield/stop-gap-bl3
Super Soldier,bl3(BCxUZkp0KfH8IzV+BuIuXnJMhTi63F7lzA==),https://www.lootlemon.com/shield/super-soldier-bl3
The Transformer,bl3(BJ0fTlCXub2A2xHpKVy6axV1wkS+2Lw=),https://www.lootlemon.com/shield/the-transformer-bl3
Torch,bl3(BMB+zmMDxtwcEobxhk9azXSo/y6xOxUkEG1mFlSfOgO1),https://www.lootlemon.com/shield/torch-bl3
Unpaler,bl3(BKYNiEZuWO4//yuLXdw63xxD9qHtGAt/fw==),https://www.lootlemon.com/shield/unpaler-bl3
Version 0.m,bl3(BFF0my5sCrHYJd4UWUM1scRlCAs64qUdlw==),https://www.lootlemon.com/shield/version-0-m-bl3
Void Rift,bl3(BP4Nf3mALiVZ/HkDarVi2b9PQE6suUGoCNUpNbTxFA==),https://www.lootlemon.com/shield/void-rift-bl3
Ward,bl3(BA8LggchBtYbXoc/GmH5TRV46zepun/eg7Ial9/iTSHxDg==),https://www.lootlemon.com/shield/ward-bl3
Wattson,bl3(BLE86znBSMXsV+ZMcaXefqM/rPkK2lAN),https://www.lootlemon.com/shield/wattson-bl3
Whiskey Tango Foxtrot,bl3(BPsl/U3RFCnkyxV36w19cN8RBH/autO1tQ==),https://www.lootlemon.com/shield/whiskey-tango-foxtrot-bl3
Acid Burn,bl3(BAVWG2dDG9gdXm2jR/nWGmHwJXeMoXsBiXFpyB//nFFa),https://www.lootlemon.com/grenade-mod/acid-burn-bl3
Burning Summit,bl3(BMU78xknCYxLrJYJUuHcb9UjqFc1t1dLXSHtMW27TbAg),https://www.lootlemon.com/grenade-mod/burning-summit-bl3
Cheddar Shredder,bl3(BMdEaRf9OY4dOviDA9tUANn43rvFijKqZhc=),https://www.lootlemon.com/grenade-mod/rubber-cheddar-shredder-bl3
Chocolate Thunder,bl3(BBZPFFS+W4Nh3QBNsWcY0aFgFpM5O5jqA/0=),https://www.lootlemon.com/grenade-mod/chocolate-thunder-bl3
Chupa's Organ,bl3(BPxVNV10ehYWXTcdQbvG82rFCqvdpewIDQ==),https://www.lootlemon.com/grenade-mod/chupas-organ-bl3
Core Buster,bl3(BFAm9XHrN8DRSe2MNtj1h9sr2iOqPCMXEWsT),https://www.lootlemon.com/grenade-mod/core-buster-bl3
Diamond Butt Bomb,bl3(BP4GNwGmql3we2vHNLDdG6GH43Pk+fPDQhSm+V24i3GbmA==),https://www.lootlemon.com/grenade-mod/diamond-butt-bomb-bl3
Doc Hina's Miracle Bomb,bl3(BKwfBHqIU4i22WwD732zm6d1JJ6o8d0Z0+Lk),https://www.lootlemon.com/grenade-mod/miracle-bomb-bl3
ECHO-2,bl3(BJpdeyanXPRLrrR+GH51NDBYusDfymBi/pg1uLQsZ2w=),https://www.lootlemon.com/grenade-mod/echo-2-bl3
EMP,bl3(BAZKmC7HJo/3XRafkMbC6ucECRDGYBjy1ZGFeuNDfrqHQQ==),https://www.lootlemon.com/grenade-mod/emp-bl3
Epicenter,bl3(BJJThH2Z1VNrJEJnA8K429/yDP1RbAcOUg==),https://www.lootlemon.com/grenade-mod/epicenter-bl3
Exterminator,bl3(BLMZNHB4yqvJwHkm1dppv3ZA3a5HUJ7jwRZQLPhQWcHc),https://www.lootlemon.com/grenade-mod/exterminator-bl3
Fastball,bl3(BDxC4UTLxI5D6xtXYPCoLSATeSslU5OQR68=),https://www.lootlemon.com/grenade-mod/fastball-bl3
Firestorm (Grenade),bl3(BDdBUxubaXtaMsc3VpEsLtB/w34Xr6isM4E=),https://www.lootlemon.com/grenade-mod/firestorm-bl3
Fish Slap,bl3(BNdLNDk4EdbCqAZ9XIHRuYUSIoL6DfLxZqNqB2QZpsOiSQ==),https://www.lootlemon.com/grenade-mod/fish-slap-bl3
Fungus Among Us,bl3(BK1OA3SFw3hE52Lth7+4TwxUFV1J1M2dsW0=),https://www.lootlemon.com/grenade-mod/fungus-among-us-bl3
Ghast Call,bl3(BBFBTFEZIyVECR/DdjLKBnrIre8cGoLZHfM=),https://www.lootlemon.com/grenade-mod/ghast-call-bl3
Hex,bl3(BBQCeQvlMxc/uIyC9pjuFkgvFXKTW9keilI=),https://www.lootlemon.com/grenade-mod/hex-bl3
HOT Spring,bl3(BFkc9m/dvZWoL5pCOQ0p8E9htORqtXJ1TEA=),https://www.lootlemon.com/grenade-mod/hot-spring-bl3
Hunter-Seeker,bl3(BG0+ngYabwpwsv2e1rSD62AELE0tGNgch+0=),https://www.lootlemon.com/grenade-mod/hunter-seeker-bl3
It's Piss,bl3(BFlJeg5vp7cXtdHIs30Iq4+tLrX9WhwK),https://www.lootlemon.com/grenade-mod/its-piss-bl3
Kryll,bl3(BFRYgRt0jFy9vqHegFo5FB2hqCMj/NPd),https://www.lootlemon.com/grenade-mod/kryll-bl3
Lightspeed,bl3(BMZkIhWFNV6RbfOOGcZyWChKgw8BdzFwh0Y9),https://www.lootlemon.com/grenade-mod/lightspeed-bl3
Mesmer,bl3(BLIHtxR1nPPO76lj28tsMbg1BUd7rTiOtOc=),https://www.lootlemon.com/grenade-mod/mesmer-bl3
Moxxi's Bouncing Pair,bl3(BJNfDAJV7IzBmJh3vxQGTj26zgiIrNiUXkY=),https://www.lootlemon.com/grenade-mod/moxxis-bouncing-pair-bl3
Nagata,bl3(BMUMm2fyjel2aajOnZ20Q9iOylLDfmeHUA==),https://www.lootlemon.com/grenade-mod/nagata-bl3
NOG Potion #9,bl3(BO92U2+7+mKcj2I3+ZN67qjy1a32Ugki7g==),https://www.lootlemon.com/grenade-mod/nog-potion-9-bl3
Porcelain Pipe Bomb,bl3(BOM0cAEfma1MZAqzzjYaD7D74cDBgBUHEW4=),https://www.lootlemon.com/grenade-mod/pipe-bomb-bl3
Pyroburst,bl3(BC0NrTBFlSeeXJHRIIObt1UrqLPzD/G1RKM=),https://www.lootlemon.com/grenade-mod/pyroburst-bl3
Quasar,bl3(BMwxECA+vnSBimdbGHrEVy38eLY1DyoJ3Q==),https://www.lootlemon.com/grenade-mod/quasar-bl3
Red Queen,bl3(BOoX2yxwLuXTSik0ipNJeD42EcMK5pNnbn8=),https://www.lootlemon.com/grenade-mod/red-queen-bl3
Ringer,bl3(BKtgPxH0O9cL3gcIT8w+ELsDw5+/rtrgAqs=),https://www.lootlemon.com/grenade-mod/ringer-bl3
Slider,bl3(BDZA3y5FIPWgOB1LMzZqHpXgIqnyol/5IXA=),https://www.lootlemon.com/grenade-mod/slider-bl3
Storm Front,bl3(BEFrUyCaRFLTUmOIRhmAGPECXgQkAxF0),https://www.lootlemon.com/grenade-mod/stormfront-bl3
Surge,bl3(BH44RXHAgMs2VTP0LaGCRojwduDzNKnJ2NQ=),https://www.lootlemon.com/grenade-mod/surge-bl3
Tina's Hippity Hopper,bl3(BMsMlksWPN2xSLmnU7BjbNX9ot8u3cEg9cw=),https://www.lootlemon.com/grenade-mod/tinas-hippity-hopper-bl3
Tran-fusion,bl3(BFFyPU82yMUfz/NQgpKEZMspSwAS59aqQ4k=),https://www.lootlemon.com/grenade-mod/tran-fusion-bl3
Ultraball,bl3(BNQV7XdpHs3drRVeDiQ0660N11QEKgZDFXk=),https://www.lootlemon.com/grenade-mod/ultraball-bl3
Whispering Ice,bl3(BMAH1SVbcU31Zhm5C+Qa2MA49OuyZ5ZAaLU=),https://www.lootlemon.com/grenade-mod/whispering-ice-bl3
Widowmaker,bl3(BDIGInu7j5IFKcV1UKFd0jpKhpTDWZjsx8g=),https://www.lootlemon.com/grenade-mod/widowmaker-bl3
Antifreeze,bl3(BGJkOW5DkipJn94EKpE7wJgvSlh9toPduDMezil84kwsv+tDQO/i),https://www.lootlemon.com/class-mod/antifreeze-bl3
Bear Trooper,bl3(BAAAAAA+uIC+02NAhlzQqsJG39xyq0Y6e9RRR0AIAAAAAAAAAAAA),https://www.lootlemon.com/class-mod/bear-trooper-bl3
Blast Master,bl3(BAAAAADJ9IA+1GNAhlzQ+q2KyGyUlUceXwnyFQAAAA==),https://www.lootlemon.com/class-mod/blast-master-bl3
Bloodletter,bl3(BAAAAAB3yYC+1GNAhlzQ4q0KGyOTla600kprLUAIAAAAAAAAAAAA),https://www.lootlemon.com/class-mod/bloodletter-bl3
Bounty Hunter,bl3(BAAAAACe5IC+0CtDhly2cu0fGyOT1Uwz2WTzTAAAAA==),https://www.lootlemon.com/class-mod/bounty-hunter-bl3
Breaker,bl3(BCMBqnAjQ4dzrT51wUC8rcrMI4s4tfkbxp4R18WSoo6UhCS0JTAO),https://www.lootlemon.com/class-mod/breaker-bl3
Cmdl3t,bl3(BA5cfTe0AxqkAYn5f8mvgVLZJa77FyzlFR9shX9acA==),https://www.lootlemon.com/class-mod/3rror-cmdl3t-fl4k-bl3
Cold Warrior,bl3(BAAAAADF04A+1jNDhlzqcm6gyGyUNa+8+OLLJkAIAAAAAAAAAAAA),https://www.lootlemon.com/class-mod/cold-warrior-bl3
Conductor,bl3(BG0xdjCMcr8ZSvFUca/Q6MA1ePfOarq1duGwxQR9xw==),https://www.lootlemon.com/class-mod/conductor-bl3
Cosmic Stalker,bl3(BAAAAABJBYA+0StDhly2au2fyGyUlU0222wzLAAAAA==),https://www.lootlemon.com/class-mod/cosmic-stalker-bl3
Critical Mass,bl3(BFI4hF8kNKvbiiDJOzMdrXrx2VBw2+5cHi23GJ0nTQ==),https://www.lootlemon.com/class-mod/critical-mass-bl3
DE4DEYE,bl3(BAAAAAB3uoC+0StDhly2eu0fGyOT9c03ywQLLAAAAA==),https://www.lootlemon.com/class-mod/de4deye-bl3
Death's Blessing,bl3(BBscflVqURmEcutcqmAuo2cnjZbrvR9tJpUKjlepDw==),https://www.lootlemon.com/class-mod/deaths-blessing-bl3
Dragon,bl3(BE138TMZaJB5rom1hePI1Img9epdMoRmwsNEZEyUoJArks0CnpLQ),https://www.lootlemon.com/class-mod/dragon-bl3
Elementalist,bl3(BAAAAADUZYC+2SNDhlzsyu6gyGyUFUYYY4xRMUAIAAAAAAAAAAAA),https://www.lootlemon.com/class-mod/elementalist-bl3
Eternal Flame,bl3(BIMcJ1Bc9CRoglSVoDNetd3xoQKTzHGliJIZEONMMA==),https://www.lootlemon.com/class-mod/eternal-flame-bl3
Executor,bl3(BAAAAAAi94C+1jNDhlzqWm6gyGyUVbC99vpQMAAAAA==),https://www.lootlemon.com/class-mod/executor-bl3
Flare,bl3(BJdXwwy18mV7bwKGKqcRtt+QILZbc7RDeiDj8dHXoA==),https://www.lootlemon.com/class-mod/flare-bl3
Friend-Bot,bl3(BAAAAACEdIA+0itDhly2Yu0fGyOTtSE33WyIKwAAAA==),https://www.lootlemon.com/class-mod/friend-bot-bl3
Golden Rule,bl3(BI10oX8SEkv5qpzlHGdNpUGAxzZ2SObWlgD7YBycYHYqkkT1R3io),https://www.lootlemon.com/class-mod/golden-rule-bl3
Green Monster,bl3(BPItNw9MOoM+vdHz72PTiKP8AORc8JH/8oNUVMVV6g==),https://www.lootlemon.com/class-mod/green-monster-bl3
Heat Exchanger,bl3(BIJ6ySHt4glfd+vtA0LutwiIi6I8PeUzaQpRqf7PTg==),https://www.lootlemon.com/class-mod/heat-exchanger-bl3
Hustler,bl3(BNAj2Gohvyj76MnGaxJ9boFGhPfgbIkYvMrEyC0xgQ==),https://www.lootlemon.com/class-mod/hustler-bl3
Infiltrator,bl3(BAAAAACI5IC+1zNDhlzqUm6gyGyUNbDAPOSQQ0AIAAAAAAAAAAAA),https://www.lootlemon.com/class-mod/infiltrator-bl3
Kensei,bl3(BEN8gVYuNYRCZ2Y4P3nrCsla1+7h7+SfzCJTw0DKsw==),https://www.lootlemon.com/class-mod/kensei-bl3
Mind Sweeper,bl3(BAAAAAAfl4A+1WNAhlzQ6q2KyGyUda65gpwLFgAAAA==),https://www.lootlemon.com/class-mod/mind-sweeper-bl3
Muse,bl3(BM5bixxt2J1jiqcdl1ktZQ7Zzl6DTxAff/NShD8G0Q==),https://www.lootlemon.com/class-mod/muse-bl3
Nimbus,bl3(BAAAAACTIoA+2iNDhlzs6u6gyGyUdcUVYVxsMUAIAAAAAAAAAAAA),https://www.lootlemon.com/class-mod/nimbus-bl3
Peregrine,bl3(BO0xWH963QZOeJ3zK1YIO2T2rcOexu23IsNUMYwrzw==),https://www.lootlemon.com/class-mod/peregrine-bl3
Phasezerker,bl3(BAAAAABlJoC+2iNDhlzs4u4gGyOTdcXESkwsMQAAAA==),https://www.lootlemon.com/class-mod/phasezerker-bl3
R4kk P4k,bl3(BJoTG1ELhohvlVU7AVUCjCoeAJkDd/pvHqGGTSj0/w==),https://www.lootlemon.com/class-mod/r4kk-p4k-bl3
Raging Bear,bl3(BNUTkkY9Q4KytwFKYz9OmMFLaGy3Lt24diVHGI3B5w==),https://www.lootlemon.com/class-mod/raging-bear-bl3
Rakk Commander,bl3(BN9IDBx2G4q/GICwcJbC+0CLkF5Dt5GYDHUdji1WjxZ7duiHcL3Z),https://www.lootlemon.com/class-mod/rakk-commander-bl3
Red Fang,bl3(BAAAAACYqYA+0ytDhly26vafyGyUtSsyyeqKLAAAAA==),https://www.lootlemon.com/class-mod/red-fang-bl3
Rocketeer,bl3(BOoODxs9UhIgUeYK3IleLeybDF9NRdus+KwTd4a2Zg==),https://www.lootlemon.com/class-mod/rocketeer-bl3
Roll Reversal,bl3(BNMR/RQoWeEIT5LjtsITpRnFWYGr4PhMQm+WoaeNMg==),https://www.lootlemon.com/class-mod/roll-reversal-bl3
Sapper,bl3(BB14yQIb4LwJQjzZWSXFpBNrdvvxOGDLHjXioesKlw==),https://www.lootlemon.com/class-mod/sapper-bl3
Seein' Dead,bl3(BOY47W7j2/G1zBci1RYPzOk7T6+uWCwi8moupwrJYw==),https://www.lootlemon.com/class-mod/seein-dead-bl3
Shockerator,bl3(BAAAAADAXIA+1zNDhlzqam6gyGyUFUQNNdTwLkAIAAAAAAAAAAAA),https://www.lootlemon.com/class-mod/shockerator-bl3
Spiritual Driver,bl3(BPUO0FfwG2a/C4Dczpv84UKuWYyZZDjF4m2NLBtS8w==),https://www.lootlemon.com/class-mod/spiritual-driver-bl3
Spy,bl3(BBxupzt68PanjecsaZU90xJn3r9e/OaN3j8rQnhS/A==),https://www.lootlemon.com/class-mod/spy-bl3
St4ckbot,bl3(BMoIuTzRAR5hfxAMNEw94CBNAs6OXu0F2g/+B1cVqA==),https://www.lootlemon.com/class-mod/st4ckbot-bl3
Stone,bl3(BD9W72L2E8bRNPOErtxWkh2KgrN07kNsX5vLkZukRLNESE0HJF2y),https://www.lootlemon.com/class-mod/stone-bl3
Techspert,bl3(BAAAAAAucIA+2DNDhlzqYm6gyGyUlS++RhxRREAIAAAAAAAAAAAA),https://www.lootlemon.com/class-mod/techspert-bl3
Tr4iner,bl3(BNpiphSu8ABN+LU7iGcjDgVsoFzn6ZXmwUWGEu2AD6OvsMQmHWij),https://www.lootlemon.com/class-mod/tr4iner-bl3
Commander Planetoid,bl3(BBc+wmJDh4PecxkzExztABHHq4vFvQHJ),https://www.lootlemon.com/bonus-item/commander-planetoid-bl3
Company Man,bl3(BPlS82NjRn8W5WCth1+903alL+hCBU8v1q0w),https://www.lootlemon.com/bonus-item/company-man-bl3
Cosmic Crater,bl3(BJZbX2zzsLLht6Y0JmfIzSkTbaaY6Ak/),https://www.lootlemon.com/bonus-item/cosmic-crater-bl3
Deathless,bl3(BPQa0Rw6gIyWwRghYN7azQsH1DdZXHUi),https://www.lootlemon.com/bonus-item/deathless-bl3
Deathrattle,bl3(BP5gdls/n0/y0rjhLkMeK217JXpBYp8=),https://www.lootlemon.com/bonus-item/deathrattle-bl3
Electric Banjo,bl3(BK1FsjRXPcA+iPS+eP3YmlKfxKzh8LM=),https://www.lootlemon.com/bonus-item/electric-banjo-bl3
Grave,bl3(BHcgHRpvAKuVvvaxsB4j+0v29bfmcGQ=),https://www.lootlemon.com/bonus-item/grave-bl3
Holy Grail,bl3(BARR62wLjePJo6RKZVasulkooLQ=),https://www.lootlemon.com/bonus-item/holy-grail-bl3
Launch Pad,bl3(BBcdoj5xtdJgPIjSNIbMD11uSEqbQsC9),https://www.lootlemon.com/bonus-item/launch-pad-bl3
Loaded Dice,bl3(BB8XvilWzMOnybHvSoh2dd2zz4JaDJc/),https://www.lootlemon.com/bonus-item/loaded-dice-bl3
Lunacy,bl3(BPd/9Xj14By2t2Zei3FJoxXpl11RpQo=),https://www.lootlemon.com/bonus-item/lunacy-bl3
Moxxi's Endowment,bl3(BE9jPlEqwaw6JyTZFqntJFLb3DWKnVxK),https://www.lootlemon.com/bonus-item/moxxis-endowment-bl3
Mysterious Artifact,bl3(BCthfTNsBiR371DxOUrz1zMSWSw=),https://www.lootlemon.com/bonus-item/mysterious-artifact-bl3
Otto Idol,bl3(BLgq5hreFZyarUp8sZb6a3F9eqe3Ucu8),https://www.lootlemon.com/bonus-item/otto-idol-bl3
Phoenix Tears,bl3(BPxiTTap1nNTjXy+gyAaYr6mtHxcY1Q=),https://www.lootlemon.com/bonus-item/phoenix-tears-bl3
Pull Out Method,bl3(BDlhl2MmNYFcUFCnUTy6t0Up7/fZEJ6V),https://www.lootlemon.com/bonus-item/pull-out-method-bl3
Road Warrior,bl3(BCExmXkUXqQyB7h4trD6TeWUFF8yaIrG),https://www.lootlemon.com/bonus-item/road-warrior-bl3
Rocket Boots,bl3(BKlOYSAof02RjMT+3OxbFqUiFsQLfrdz),https://www.lootlemon.com/bonus-item/rocket-boots-bl3
Safegaurd,bl3(BCwaCRCiFhkf7v8JdT/FuwSAv+JxOtNh),https://www.lootlemon.com/bonus-item/safeguard-bl3
Shlooter,bl3(BI1LIi3SCp0FIPEhCToyTWcfJQmv+zE=),https://www.lootlemon.com/bonus-item/shlooter-bl3
Splatter Gun,bl3(BCF2GEmLQpSmy9cb3tIxfKRVDL63+/N/),https://www.lootlemon.com/bonus-item/splatter-gun-bl3
Static Charge,bl3(BL50mGBIEHAMqqY0vWHVKjGposXdynEq),https://www.lootlemon.com/bonus-item/static-charge-bl3
The Pearl of Ineffable Knowledge,bl3(BIllmlNUJJuGhvSnxVFC5u/zpJGfl3Y=),https://www.lootlemon.com/bonus-item/the-pearl-of-ineffable-knowledge-bl3
Toboggan,bl3(BMdWdk5tp71uoJowdaGsnKPbRmEYfhI=),https://www.lootlemon.com/bonus-item/toboggan-bl3
Unleash the Dragon,bl3(BLF+eitMPqhekBzzwFvWBD34TwPbVdw=),https://www.lootlemon.com/bonus-item/unleash-the-dragon-bl3
Vault Hunter's Relic,bl3(BE5sM3eRZedzHQU/NK5NMLfeOA0zlrgY6aIrt6WdnQ==),https://www.lootlemon.com/bonus-item/vault-hunters-relic-bl3
Vendetta,bl3(BDVZ3A8jgoqcRobUuUnOya+1ROdo),https://www.lootlemon.com/bonus-item/vendetta-bl3
Victory Rush,bl3(BNk0wFN9Lf99EIWc261FwhTGv2TWoYKq),https://www.lootlemon.com/bonus-item/victory-rush-bl3
White Elephant,bl3(BFh7G1D1nJo3xNqyaNvnplx2RsQSBROy),https://www.lootlemon.com/bonus-item/white-elephant-bl3
