/game/gear/weapons/assaultrifles/atlas/_shared/_design/_unique/portal/balance/balance_atl_ar_portals,Portals and Shite
/game/gear/weapons/heavyweapons/eridian/_shared/_design/balance/balance_eridian_fabricator,Eridian Fabricator
/game/gear/weapons/pistols/tediore/shared/_design/_unique/babymaker/balance/salvage/balance_ps_tediore_babymaker_salvage,Baby Maker (fixed part)
/game/patchdlc/hibiscus/gear/weapon/_unique/lovedrill/balance/balance_ps_jak_lovedrill,Love Drill (mission version)
/game/patchdlc/steam/gear/weapons/steamgun/balance/balance_sm_hyp_shortstick,Short Stick
/game/patchdlc/hibiscus/gear/weapon/_unique/theseventhsense/balance/balance_ps_jak_theseventhsense_missionweapon,Seventh Sense (mission version)
/game/patchdlc/hibiscus/gear/weapon/_unique/seventhsense/balance/balance_ps_jak_ss_l,Seventh Sense (ghost Burton version)
/game/patchdlc/hibiscus/gear/weapon/_unique/seventhsense/balance/balance_ps_jak_seventhsense,Seventh Sense (unknown version)
/game/gear/artifacts/_design/balancedefs/invbald_artifact_01_common,White Artifact
/game/gear/artifacts/_design/balancedefs/invbald_artifact_02_uncommon,Green Artifact
/game/gear/artifacts/_design/balancedefs/invbald_artifact_03_rare,Blue Artifact
/game/gear/artifacts/_design/balancedefs/invbald_artifact_04_veryrare,Purple Artifact
/game/gear/artifacts/_design/balancedefs/invbald_artifact_05_legendary,Legendary Artifact
/game/patchdlc/raid1/gear/artifacts/commanderplanetoid/invbald_artifact_commanderplanetoid,Commander Planetoid (dedicated drop only) Legendary Artifact
/game/patchdlc/ixora2/gear/artifacts/_unique/companyman/atlas/balance/invbald_artifact_companyman_atlas,Company Man (Atlas) Legendary Artifact
/game/patchdlc/ixora2/gear/artifacts/_unique/companyman/cov/balance/invbald_artifact_companyman_cov,Company Man (CoV) Legendary Artifact
/game/patchdlc/ixora2/gear/artifacts/_unique/companyman/dahl/balance/invbald_artifact_companyman_dahl,Company Man (Dahl) Legendary Artifact
/game/patchdlc/ixora2/gear/artifacts/_unique/companyman/hyperion/balance/invbald_artifact_companyman_hyperion,Company Man (Hyperion) Legendary Artifact
/game/patchdlc/ixora2/gear/artifacts/_unique/companyman/jakobs/balance/invbald_artifact_companyman_jakobs,Company Man (Jakobs) Legendary Artifact
/game/patchdlc/ixora2/gear/artifacts/_unique/companyman/maliwan/balance/invbald_artifact_companyman_maliwan,Company Man (Maliwan) Legendary Artifact
/game/patchdlc/ixora2/gear/artifacts/_unique/companyman/tediore/balance/invbald_artifact_companyman_tediore,Company Man (Tediore) Legendary Artifact
/game/patchdlc/ixora2/gear/artifacts/_unique/companyman/torgue/balance/invbald_artifact_companyman_torgue,Company Man (Torgue) Legendary Artifact
/game/patchdlc/ixora2/gear/artifacts/_unique/companyman/vladof/balance/invbald_artifact_companyman_vladof,Company Man (Vladof) Legendary Artifact
/game/patchdlc/raid1/gear/artifacts/cosmiccrater/invbald_artifact_cosmiccrater,Cosmic Crater (dedicated drop only) Legendary Artifact
/game/patchdlc/raid1/gear/artifacts/deathless/invbald_artifact_deathless,Deathless (dedicated drop only) Legendary Artifact
/game/patchdlc/ixora/gear/artifacts/_design/_unique/deathrattle/balance/invbald_artifact_deathrattle,Deathrattle Legendary Artifact
/game/gear/artifacts/_design/partsets/abilities/_unique/electricbanjo/balance/invbald_artifact_electricbanjo,Electric Banjo Legendary Artifact
/game/gear/artifacts/_design/partsets/abilities/_unique/grave/balance/invbald_artifact_grave,Grave Legendary Artifact
/game/patchdlc/ixora/gear/artifacts/_design/_unique/holygrail/balance/invbald_artifact_holygrail,Holy Grail Legendary Artifact
/game/patchdlc/raid1/gear/artifacts/salvo/invbald_artifact_salvo,Launch Pad (dedicated drop only) Legendary Artifact
/game/patchdlc/raid1/gear/artifacts/loadeddice/invbald_artifact_loadeddice,Loaded Dice (dedicated drop only) Legendary Artifact
/game/patchdlc/hibiscus/gear/artifacts/_design/_unique/lunacy/balance/invbald_artifact_lunacy,Lunacy Legendary Artifact
/game/patchdlc/raid1/gear/artifacts/moxxisendowment/invbald_artifact_moxxisendowment,Moxxi's Endowment (dedicated drop only) Legendary Artifact
/game/patchdlc/ixora/gear/artifacts/_design/_unique/mysteriousamulet/balance/invbald_artifact_mysteriousamulet,Mysterious Amulet Purple Artifact
/game/patchdlc/ixora2/gear/artifacts/_unique/mysteriousamulet/balance/invbald_artifact_mysteriousamulet,Mysterious Artifact Purple Artifact
/game/patchdlc/raid1/gear/artifacts/ottoidol/invbald_artifact_ottoidol,Otto Idol (dedicated drop only) Legendary Artifact
/game/patchdlc/hibiscus/gear/artifacts/_design/_unique/puk/balance/invbald_artifact_puk,Pearl of Ineffable Knowledge Legendary Artifact
/game/gear/artifacts/_design/partsets/abilities/_unique/phoenixtears/balance/invbald_artifact_phoenixtears,Phoenix Tears Legendary Artifact
/game/patchdlc/raid1/gear/artifacts/pulloutmethod/invbald_artifact_pulloutmethod,Pull Out Method (dedicated drop only) Legendary Artifact
/game/gear/artifacts/_design/partsets/abilities/_unique/roadwarrior/balance/invbald_artifact_roadwarrior,Road Warrior Legendary Artifact
/game/patchdlc/raid1/gear/artifacts/rocketboots/invbald_artifact_rocketboots,Rocket Boots (dedicated drop only) Legendary Artifact
/game/patchdlc/raid1/gear/artifacts/safegaurd/invbald_artifact_safegaurd,Safeguard (dedicated drop only) Legendary Artifact
/game/patchdlc/raid1/gear/artifacts/splattergun/invbald_artifact_splattergun,Splatter Gun (dedicated drop only) Legendary Artifact
/game/patchdlc/raid1/gear/artifacts/statictouch/invbald_artifact_statictouch,Static Charge (dedicated drop only) Legendary Artifact
/game/patchdlc/ixora/gear/artifacts/_design/_unique/toboggan/balance/invbald_artifact_toboggan,Toboggan Legendary Artifact
/game/gear/artifacts/_design/partsets/abilities/_unique/eldragonjr/balance/invbald_artifact_eldragonjr,Unleash the Dragon Legendary Artifact
/game/gear/artifacts/_design/partsets/abilities/_unique/vaulthunterrelic/balance/invbald_artifact_relic,Vault Hunter's Relic Legendary Artifact
/game/patchdlc/geranium/gear/artifacts/_design/_unique/vengeance/balance/invbald_artifact_vengeance,Vendetta Purple Artifact
/game/patchdlc/raid1/gear/artifacts/victoryrush/invbald_artifact_victoryrush,Victory Rush (dedicated drop only) Legendary Artifact
/game/patchdlc/raid1/gear/artifacts/whiteelephant/invbald_artifact_whiteelephant,White Elephant (dedicated drop only) Legendary Artifact
/game/gear/classmods/_design/balancedefs/invbald_classmod_beastmaster_01_common,Beastmaster White COM
/game/gear/classmods/_design/balancedefs/invbald_classmod_beastmaster_02_uncommon,Beastmaster Green COM
/game/gear/classmods/_design/balancedefs/invbald_classmod_beastmaster_03_rare,Beastmaster Blue COM
/game/gear/classmods/_design/balancedefs/invbald_classmod_beastmaster_04_veryrare,Beastmaster Purple COM
/game/gear/classmods/_design/balancedefs/invbald_classmod_beastmaster_05_legendary,Beastmaster Legendary COM
/game/patchdlc/ixora/gear/classmods/_design/bsm/partsets/invbald_cm_ixora_bsm_01_common,Beastmaster (Designer's Cut) White COM
/game/patchdlc/ixora/gear/classmods/_design/bsm/partsets/invbald_cm_ixora_bsm_02_uncommon,Beastmaster (Designer's Cut) Green COM
/game/patchdlc/ixora/gear/classmods/_design/bsm/partsets/invbald_cm_ixora_bsm_03_rare,Beastmaster (Designer's Cut) Blue COM
/game/patchdlc/ixora/gear/classmods/_design/bsm/partsets/invbald_cm_ixora_bsm_04_veryrare,Beastmaster (Designer's Cut) Purple COM
/game/patchdlc/raid1/gear/classmods/beastmaster/invbald_classmod_beastmaster_bountyhunter,Beastmaster Bounty Hunter Legendary COM
/game/patchdlc/ixora/gear/classmods/_design/bsm/l01/invbald_cm_ixora_bsm_l01,Beastmaster Cmdl3t Legendary COM
/game/patchdlc/raid1/gear/classmods/beastmaster/invbald_classmod_beastmaster_cosmicstalker,Beastmaster Cosmic Stalker Legendary COM
/game/patchdlc/raid1/gear/classmods/beastmaster/invbald_classmod_beastmaster_de4deye,Beastmaster DE4DEYE Legendary COM
/game/patchdlc/raid1/gear/classmods/beastmaster/invbald_classmod_beastmaster_friendbot,Beastmaster Friend-Bot Legendary COM
/game/patchdlc/alisma/gear/classmods/_design/bsm/invbald_cm_beastmaster_alisma,Beastmaster Peregrine Legendary COM
/game/patchdlc/raid1/gear/cm/_d/partsets/_u/bsm/invbald_cm_beastmaster_raid1,Beastmaster R4kk P4k Legendary COM
/game/patchdlc/raid1/gear/classmods/beastmaster/invbald_classmod_beastmaster_rakkcommander,Beastmaster Rakk Commander Legendary COM
/game/patchdlc/raid1/gear/classmods/beastmaster/invbald_classmod_beastmaster_redfang,Beastmaster Red Fang Legendary COM
/game/patchdlc/ixora2/gear/classmods/_design/bsm/l01/invbald_cm_ixora2_bsm_l01,Beastmaster Roll Reversal Legendary COM
/game/patchdlc/dandelion/gear/cm/_d/partsets/_u/bsm/invbald_cm_beastmaster_dlc1,Beastmaster St4ckbot Legendary COM
/game/patchdlc/hibiscus/gear/classmods/_design/bsm/invbald_cm_beastmaster_hib,Beastmaster Tr4iner Legendary COM
/game/gear/classmods/_design/balancedefs/invbald_classmod_gunner_01_common,Gunner White COM
/game/gear/classmods/_design/balancedefs/invbald_classmod_gunner_02_uncommon,Gunner Green COM
/game/gear/classmods/_design/balancedefs/invbald_classmod_gunner_03_rare,Gunner Blue COM
/game/gear/classmods/_design/balancedefs/invbald_classmod_gunner_04_veryrare,Gunner Purple COM
/game/gear/classmods/_design/balancedefs/invbald_classmod_gunner_05_legendary,Gunner Legendary COM
/game/patchdlc/ixora/gear/classmods/_design/gun/partsets/invbald_cm_ixora_gun_01_common,Gunner (Designer's Cut) White COM
/game/patchdlc/ixora/gear/classmods/_design/gun/partsets/invbald_cm_ixora_gun_02_uncommon,Gunner (Designer's Cut) Green COM
/game/patchdlc/ixora/gear/classmods/_design/gun/partsets/invbald_cm_ixora_gun_03_rare,Gunner (Designer's Cut) Blue COM
/game/patchdlc/ixora/gear/classmods/_design/gun/partsets/invbald_cm_ixora_gun_04_veryrare,Gunner (Designer's Cut) Purple COM
/game/patchdlc/raid1/gear/classmods/gunner/invbald_classmod_gunner_beartrooper,Gunner Bear Trooper Legendary COM
/game/patchdlc/raid1/gear/classmods/gunner/invbald_classmod_gunner_blastmaster,Gunner Blast Master Legendary COM
/game/patchdlc/raid1/gear/classmods/gunner/invbald_classmod_gunner_bloodletter,Gunner Bloodletter Legendary COM
/game/patchdlc/ixora/gear/classmods/_design/gun/l01/invbald_cm_ixora_gun_l01,Gunner Eternal Flame Legendary COM
/game/patchdlc/alisma/gear/classmods/_design/gun/invbald_cm_gunner_alisma,Gunner Flare Legendary COM
/game/patchdlc/dandelion/gear/cm/_d/partsets/_u/gun/invbald_cm_gunner_dlc1,Gunner Green Monster Legendary COM
/game/patchdlc/raid1/gear/classmods/gunner/invbald_classmod_gunner_mindsweeper,Gunner Mind Sweeper Legendary COM
/game/patchdlc/ixora2/gear/classmods/_design/gun/l01/invbald_cm_ixora2_gun_l01,Gunner Primary Heat Exchanger Legendary COM
/game/patchdlc/raid1/gear/cm/_d/partsets/_u/gun/invbald_cm_gunner_raid1,Gunner Raging Bear Legendary COM
/game/patchdlc/raid1/gear/classmods/gunner/invbald_classmod_gunner_rocketeer,Gunner Rocketeer Legendary COM
/game/patchdlc/hibiscus/gear/classmods/_design/gun/invbald_cm_gunner_hib,Gunner Sapper Legendary COM
/game/gear/classmods/_design/balancedefs/invbald_classmod_operative_01_common,Operative White COM
/game/gear/classmods/_design/balancedefs/invbald_classmod_operative_02_uncommon,Operative Green COM
/game/gear/classmods/_design/balancedefs/invbald_classmod_operative_03_rare,Operative Blue COM
/game/gear/classmods/_design/balancedefs/invbald_classmod_operative_04_veryrare,Operative Purple COM
/game/gear/classmods/_design/balancedefs/invbald_classmod_operative_05_legendary,Operative Legendary COM
/game/patchdlc/ixora/gear/classmods/_design/ope/partsets/invbald_cm_ixora_ope_01_common,Operative (Designer's Cut) White COM
/game/patchdlc/ixora/gear/classmods/_design/ope/partsets/invbald_cm_ixora_ope_02_uncommon,Operative (Designer's Cut) Green COM
/game/patchdlc/ixora/gear/classmods/_design/ope/partsets/invbald_cm_ixora_ope_03_rare,Operative (Designer's Cut) Blue COM
/game/patchdlc/ixora/gear/classmods/_design/ope/partsets/invbald_cm_ixora_ope_04_veryrare,Operative (Designer's Cut) Purple COM
/game/patchdlc/raid1/gear/cm/_d/partsets/_u/ope/invbald_cm_operative_raid1,Operative Antifreeze Legendary COM
/game/patchdlc/raid1/gear/classmods/operative/invbald_classmod_operative_coldwarrior,Operative Cold Warrior Legendary COM
/game/patchdlc/hibiscus/gear/classmods/_design/ope/invbald_cm_operative_hib,Operative Conductor Legendary COM
/game/patchdlc/ixora2/gear/classmods/_design/ope/l01/invbald_cm_ixora2_ope_l01,Operative Critical Mass Legendary COM
/game/patchdlc/raid1/gear/classmods/operative/invbald_classmod_operative_executor,Operative Executor Legendary COM
/game/patchdlc/alisma/gear/classmods/_design/ope/invbald_cm_operative_alisma,Operative Hustler Legendary COM
/game/patchdlc/raid1/gear/classmods/operative/invbald_classmod_operative_infiltrator,Operative Infiltrator Legendary COM
/game/patchdlc/dandelion/gear/cm/_d/partsets/_u/ope/invbald_cm_operative_dlc1,Operative Seein' Dead Legendary COM
/game/patchdlc/raid1/gear/classmods/operative/invbald_classmod_operative_firebrand,Operative Shockerator Legendary COM
/game/patchdlc/ixora/gear/classmods/_design/ope/l01/invbald_cm_ixora_ope_l01,Operative Spy Legendary COM
/game/patchdlc/raid1/gear/classmods/operative/invbald_classmod_operative_techspert,Operative Techspert Legendary COM
/game/gear/classmods/_design/balancedefs/invbald_classmod_siren_01_common,Siren White COM
/game/gear/classmods/_design/balancedefs/invbald_classmod_siren_02_uncommon,Siren Green COM
/game/gear/classmods/_design/balancedefs/invbald_classmod_siren_03_rare,Siren Blue COM
/game/gear/classmods/_design/balancedefs/invbald_classmod_siren_04_veryrare,Siren Purple COM
/game/gear/classmods/_design/balancedefs/invbald_classmod_siren_05_legendary,Siren Legendary COM
/game/patchdlc/ixora/gear/classmods/_design/srn/partsets/invbald_cm_ixora_sir_01_common,Siren (Designer's Cut) White COM
/game/patchdlc/ixora/gear/classmods/_design/srn/partsets/invbald_cm_ixora_sir_02_uncommon,Siren (Designer's Cut) Green COM
/game/patchdlc/ixora/gear/classmods/_design/srn/partsets/invbald_cm_ixora_sir_03_rare,Siren (Designer's Cut) Blue COM
/game/patchdlc/ixora/gear/classmods/_design/srn/partsets/invbald_cm_ixora_sir_04_veryrare,Siren (Designer's Cut) Purple COM
/game/patchdlc/raid1/gear/classmods/siren/invbald_classmod_siren_breaker,Siren Breaker Legendary COM
/game/patchdlc/ixora2/gear/classmods/_design/srn/l01/invbald_cm_ixora2_srn_l01,Siren Death's Blessings Legendary COM
/game/patchdlc/raid1/gear/classmods/siren/invbald_classmod_siren_dragon,Siren Dragon Legendary COM
/game/patchdlc/raid1/gear/classmods/siren/invbald_classmod_siren_elementalist,Siren Elementalist Legendary COM
/game/patchdlc/dandelion/gear/cm/_d/partsets/_u/srn/invbald_cm_siren_dlc1,Siren Golden Rule Legendary COM
/game/patchdlc/ixora/gear/classmods/_design/srn/l01/invbald_cm_ixora_srn_l01,Siren Kensei Legendary COM
/game/patchdlc/alisma/gear/classmods/_design/srn/invbald_cm_siren_alisma,Siren Muse Legendary COM
/game/patchdlc/raid1/gear/classmods/siren/invbald_classmod_siren_nimbus,Siren Nimbus Legendary COM
/game/patchdlc/raid1/gear/classmods/siren/invbald_classmod_siren_phasezerker,Siren Phasezerker Legendary COM
/game/patchdlc/raid1/gear/cm/_d/partsets/_u/srn/invbald_cm_siren_raid1,Siren Spiritual Driver Legendary COM
/game/patchdlc/hibiscus/gear/classmods/_design/srn/invbald_cm_siren_hib,Siren Stone Legendary COM
/game/gear/grenademods/_design/invbalance/invbald_grenademod_atlas_01_common,Atlas White Grenade
/game/gear/grenademods/_design/invbalance/invbald_grenademod_atlas_02_uncommon,Atlas Green Grenade
/game/gear/grenademods/_design/invbalance/invbald_grenademod_atlas_03_rare,Atlas Blue Grenade
/game/gear/grenademods/_design/invbalance/invbald_grenademod_atlas_04_veryrare,Atlas Purple Grenade
/game/gear/grenademods/_design/invbalance/invbald_grenademod_hyperion_01_common,Hyperion White Grenade
/game/gear/grenademods/_design/invbalance/invbald_grenademod_hyperion_02_uncommon,Hyperion Green Grenade
/game/gear/grenademods/_design/invbalance/invbald_grenademod_hyperion_03_rare,Hyperion Blue Grenade
/game/gear/grenademods/_design/invbalance/invbald_grenademod_hyperion_04_veryrare,Hyperion Purple Grenade
/game/gear/grenademods/_design/invbalance/invbald_grenademod_pangolin_01_common,Pangolin White Grenade
/game/gear/grenademods/_design/invbalance/invbald_grenademod_pangolin_02_uncommon,Pangolin Green Grenade
/game/gear/grenademods/_design/invbalance/invbald_grenademod_pangolin_03_rare,Pangolin Blue Grenade
/game/gear/grenademods/_design/invbalance/invbald_grenademod_pangolin_04_veryrare,Pangolin Purple Grenade
/game/gear/grenademods/_design/invbalance/invbald_grenademod_tediore_01_common,Tediore White Grenade
/game/gear/grenademods/_design/invbalance/invbald_grenademod_tediore_02_uncommon,Tediore Green Grenade
/game/gear/grenademods/_design/invbalance/invbald_grenademod_tediore_03_rare,Tediore Blue Grenade
/game/gear/grenademods/_design/invbalance/invbald_grenademod_tediore_04_veryrare,Tediore Purple Grenade
/game/gear/grenademods/_design/invbalance/invbald_grenademod_torgue_01_common,Torgue White Grenade
/game/gear/grenademods/_design/invbalance/invbald_grenademod_torgue_02_uncommon,Torgue Green Grenade
/game/gear/grenademods/_design/invbalance/invbald_grenademod_torgue_03_rare,Torgue Blue Grenade
/game/gear/grenademods/_design/invbalance/invbald_grenademod_torgue_04_veryrare,Torgue Purple Grenade
/game/gear/grenademods/_design/invbalance/invbald_grenademod_vladof_01_common,Vladof White Grenade
/game/gear/grenademods/_design/invbalance/invbald_grenademod_vladof_02_uncommon,Vladof Green Grenade
/game/gear/grenademods/_design/invbalance/invbald_grenademod_vladof_03_rare,Vladof Blue Grenade
/game/gear/grenademods/_design/invbalance/invbald_grenademod_vladof_04_veryrare,Vladof Purple Grenade
/game/patchdlc/dandelion/gear/grenade/acidburn/balance/invbald_gm_acidburn,Acid Burn
/game/gear/grenademods/_design/_unique/summit/balance/invbald_gm_summit,Burning Summit
/game/gear/grenademods/_design/_unique/justdeserts/balance/invbald_gm_justdeserts,Chocolate Thunder
/game/gear/grenademods/_design/_unique/chupa/balance/invbald_gm_chupa,Chupa's Organ
/game/patchdlc/geranium/gear/grenade/coreburst/balance/invbald_gm_coreburst,Core Buster
/game/gear/grenademods/_design/_unique/buttstallion/balance/invbald_gm_buttstallion,Diamond Butt Bomb
/game/patchdlc/geranium/gear/grenade/skagoil/balance/invbald_gm_skagoil,Doc Hina's Miracle Bomb
/game/gear/grenademods/_design/_unique/echov2/balance/invbald_gm_echov2,ECHO-2
/game/gear/grenademods/_design/_unique/mogwai/balance/invbald_gm_mogwai,Elemental Persistent Contact Grenade
/game/gear/grenademods/_design/_unique/emp/balance/invbald_gm_emp,EMP
/game/gear/grenademods/_design/_unique/epicenter/balance/invbald_gm_epicenter,Epicenter
/game/gear/grenademods/_design/_unique/birthdaysuprise/balance/invbald_gm_birthdaysuprise,Exterminator
/game/gear/grenademods/_design/_unique/fastball/balance/invbald_gm_ted_fastball,Fastball
/game/gear/grenademods/_design/_unique/firestorm/balance/invbald_gm_vla_firestorm,Firestorm
/game/patchdlc/event2/gear/grenademods/fishslap/balance/invbald_gm_fishslap,Fish Slap
/game/gear/grenademods/_design/_unique/mushroom/balance/invbald_gm_shroom,Fungus Among Us
/game/patchdlc/bloodyharvest/gear/grenademods/_design/_unique/fontofdarkness/balance/invbald_gm_tor_fontofdarkness,Ghast Call
/game/gear/grenademods/_design/_unique/seeker/balance/invbald_gm_seeker,Hex
/game/patchdlc/ixora/gear/grenademods/hotspring/balance/invbald_gm_hotspring,HOT Spring
/game/gear/grenademods/_design/_unique/hunterseeker/balance/invbald_gm_hunterseeker,Hunter-Seeker
/game/gear/grenademods/_design/_unique/piss/balance/invbald_gm_piss,It's Piss
/game/gear/grenademods/_design/_unique/kryll/balance/invbald_gm_kryll,Kryll
/game/patchdlc/takedown2/gear/grenademods/lightspeed/balance/invbald_gm_hyp_lightspeed,Lightspeed
/game/patchdlc/ixora2/gear/grenademods/_unique/mesmer/balance/invbald_gm_mesmer,Mesmer
/game/gear/grenademods/_design/_unique/moxiesbosom/balance/invbald_gm_pan_moxiesbosom,Moxxi's Bouncing Pair
/game/gear/grenademods/_design/_unique/nagate/balance/invbald_gm_nagate,Nagata
/game/gear/grenademods/_design/_unique/wizardofnog/balance/invbald_gm_wizardofnog,NOG Potion #9
/game/gear/grenademods/_design/_unique/toiletbombs/balance/invbald_gm_tor_toiletbombs,Porcelain Pipe Bomb
/game/gear/grenademods/_design/_unique/quasar/balance/invbald_gm_quasar,Quasar
/game/gear/grenademods/_design/_unique/redqueen/balance/invbald_gm_redqueen,Red Queen
/game/patchdlc/ixora2/gear/grenademods/_unique/ringer/balance/invbald_gm_ringer,Ringer / The Big Ringer / Dead Ringer
/game/gear/grenademods/_design/_unique/cashmoneypreorder/balance/invbald_gm_cashmoneypreorder,Rubber Cheddar Shredder
/game/patchdlc/dandelion/gear/grenade/slider/balance/invbald_gm_ted_slider,Slider
/game/gear/grenademods/_design/_unique/stormfront/balance/invbald_gm_stormfront,Storm Front
/game/gear/grenademods/_design/_unique/surge/balance/invbald_gm_surge,Surge
/game/gear/grenademods/_design/_unique/hiphop/balance/invbald_gm_tor_hiphop,Tina's Hippity Hopper
/game/gear/grenademods/_design/_unique/tranfusion/balance/invbald_gm_tranfusion,Tran-fusion
/game/gear/grenademods/_design/_unique/toygrenade/balance/invbald_gm_toygrenade,Ultraball
/game/gear/grenademods/_design/_unique/obvioustrap/balance/invbald_gm_obvioustrap,Whispering Ice
/game/gear/grenademods/_design/_unique/widowmaker/balance/invbald_gm_widowmaker,Widowmaker
/game/gear/weapons/assaultrifles/atlas/_shared/_design/balance/balance_atl_ar_01_common,White Atlas AR
/game/gear/weapons/assaultrifles/atlas/_shared/_design/balance/balance_atl_ar_02_uncommon,Green Atlas AR
/game/gear/weapons/assaultrifles/atlas/_shared/_design/balance/balance_atl_ar_03_rare,Blue Atlas AR
/game/gear/weapons/assaultrifles/atlas/_shared/_design/balance/balance_atl_ar_04_veryrare,Purple Atlas AR
/game/gear/weapons/heavyweapons/atl/_shared/_design/balancestate/balance_hw_atl_01_common,White Atlas Heavy Weapon
/game/gear/weapons/heavyweapons/atl/_shared/_design/balancestate/balance_hw_atl_02_uncommon,Green Atlas Heavy Weapon
/game/gear/weapons/heavyweapons/atl/_shared/_design/balancestate/balance_hw_atl_03_rare,Blue Atlas Heavy Weapon
/game/gear/weapons/heavyweapons/atl/_shared/_design/balancestate/balance_hw_atl_04_veryrare,Purple Atlas Heavy Weapon
/game/gear/weapons/pistols/atlas/_shared/_design/balance/balance_ps_atl_01_common,White Atlas Pistol
/game/gear/weapons/pistols/atlas/_shared/_design/balance/balance_ps_atl_02_uncommon,Green Atlas Pistol
/game/gear/weapons/pistols/atlas/_shared/_design/balance/balance_ps_atl_03_rare,Blue Atlas Pistol
/game/gear/weapons/pistols/atlas/_shared/_design/balance/balance_ps_atl_04_veryrare,Purple Atlas Pistol
/game/gear/weapons/assaultrifles/childrenofthevault/_shared/_design/balancestate/balance_ar_cov_01_common,White COV AR
/game/gear/weapons/assaultrifles/childrenofthevault/_shared/_design/balancestate/balance_ar_cov_02_uncommon,Green COV AR
/game/gear/weapons/assaultrifles/childrenofthevault/_shared/_design/balancestate/balance_ar_cov_03_rare,Blue COV AR
/game/gear/weapons/_shared/_design/_manufacturers/_etech/_design/assaultrifle/cov/balance/balance_ar_cov_etech_rare,Blue E-Tech COV AR
/game/gear/weapons/assaultrifles/childrenofthevault/_shared/_design/balancestate/balance_ar_cov_04_veryrare,Purple COV AR
/game/gear/weapons/_shared/_design/_manufacturers/_etech/_design/assaultrifle/cov/balance/balance_ar_cov_etech_veryrare,Purple E-Tech COV AR
/game/gear/weapons/heavyweapons/childrenofthevault/_shared/_design/balance/balance_hw_cov_01_common,White COV Heavy Weapon
/game/gear/weapons/heavyweapons/childrenofthevault/_shared/_design/balance/balance_hw_cov_02_uncommon,Green COV Heavy Weapon
/game/gear/weapons/heavyweapons/childrenofthevault/_shared/_design/balance/balance_hw_cov_03_rare,Blue COV Heavy Weapon
/game/gear/weapons/_shared/_design/_manufacturers/_etech/_design/hw/cov/balance/balance_hw_cov_etech_rare,Blue E-Tech COV Heavy Weapon
/game/gear/weapons/heavyweapons/childrenofthevault/_shared/_design/balance/balance_hw_cov_04_veryrare,Purple COV Heavy Weapon
/game/gear/weapons/_shared/_design/_manufacturers/_etech/_design/hw/cov/balance/balance_hw_cov_etech_veryrare,Purple E-Tech COV Heavy Weapon
/game/gear/weapons/pistols/childrenofthevault/_shared/_design/balance/balance_ps_cov_01_common,White COV Pistol
/game/gear/weapons/pistols/childrenofthevault/_shared/_design/balance/balance_ps_cov_02_uncommon,Green COV Pistol
/game/gear/weapons/pistols/childrenofthevault/_shared/_design/balance/balance_ps_cov_03_rare,Blue COV Pistol
/game/gear/weapons/_shared/_design/_manufacturers/_etech/_design/pistol/cov/balance/balance_ps_cov_etech_rare,Blue E-Tech COV Pistol
/game/gear/weapons/pistols/childrenofthevault/_shared/_design/balance/balance_ps_cov_04_veryrare,Purple COV Pistol
/game/gear/weapons/_shared/_design/_manufacturers/_etech/_design/pistol/cov/balance/balance_ps_cov_etech_veryrare,Purple E-Tech COV Pistol
/game/gear/weapons/assaultrifles/dahl/_shared/_design/balancestate/balance_dal_ar_01_common,White Dahl AR
/game/gear/weapons/assaultrifles/dahl/_shared/_design/balancestate/balance_dal_ar_02_uncommon,Green Dahl AR
/game/gear/weapons/assaultrifles/dahl/_shared/_design/balancestate/balance_dal_ar_03_rare,Blue Dahl AR
/game/gear/weapons/_shared/_design/_manufacturers/_etech/_design/assaultrifle/dahl/balance/balance_dal_ar_etech_rare,Blue E-Tech Dahl AR
/game/gear/weapons/assaultrifles/dahl/_shared/_design/balancestate/balance_dal_ar_04_veryrare,Purple Dahl AR
/game/gear/weapons/_shared/_design/_manufacturers/_etech/_design/assaultrifle/dahl/balance/balance_dal_ar_etech_veryrare,Purple E-Tech Dahl AR
/game/gear/weapons/pistols/dahl/_shared/_design/balancestate/balance_dal_ps_01_common,White Dahl Pistol
/game/gear/weapons/pistols/dahl/_shared/_design/balancestate/balance_dal_ps_01_firstguna,White Dahl Pistol
/game/gear/weapons/pistols/dahl/_shared/_design/balancestate/balance_dal_ps_01_firstgunb,White Dahl Pistol
/game/gear/weapons/pistols/dahl/_shared/_design/balancestate/balance_dal_ps_02_uncommon,Green Dahl Pistol
/game/gear/weapons/pistols/dahl/_shared/_design/balancestate/balance_dal_ps_03_rare,Blue Dahl Pistol
/game/gear/weapons/_shared/_design/_manufacturers/_etech/_design/pistol/dahl/balance/balance_dal_ps_etech_rare,Blue E-Tech Dahl Pistol
/game/gear/weapons/pistols/dahl/_shared/_design/balancestate/balance_dal_ps_04_veryrare,Purple Dahl Pistol
/game/gear/weapons/_shared/_design/_manufacturers/_etech/_design/pistol/dahl/balance/balance_dal_ps_etech_veryrare,Purple E-Tech Dahl Pistol
/game/gear/weapons/smgs/dahl/_shared/_design/balancestate/balance_sm_dahl_01_common,White Dahl SMG
/game/gear/weapons/smgs/dahl/_shared/_design/balancestate/balance_sm_dahl_01_common_no_elemental,White Dahl SMG
/game/gear/weapons/smgs/dahl/_shared/_design/balancestate/balance_sm_dahl_02_uncommon,Green Dahl SMG
/game/gear/weapons/smgs/dahl/_shared/_design/balancestate/balance_sm_dahl_03_rare,Blue Dahl SMG
/game/gear/weapons/_shared/_design/_manufacturers/_etech/_design/smgs/dahl/balance/balance_sm_dal_etech_rare,Blue E-Tech Dahl SMG
/game/gear/weapons/smgs/dahl/_shared/_design/balancestate/balance_sm_dahl_04_veryrare,Purple Dahl SMG
/game/gear/weapons/_shared/_design/_manufacturers/_etech/_design/smgs/dahl/balance/balance_sm_dal_etech_veryrare,Purple E-Tech Dahl SMG
/game/gear/weapons/sniperrifles/dahl/_shared/_design/balance/balance_sr_dal_01_common,White Dahl Sniper Rifle
/game/gear/weapons/sniperrifles/dahl/_shared/_design/balance/balance_sr_dal_02_uncommon,Green Dahl Sniper Rifle
/game/gear/weapons/sniperrifles/dahl/_shared/_design/balance/balance_sr_dal_03_rare,Blue Dahl Sniper Rifle
/game/gear/weapons/_shared/_design/_manufacturers/_etech/_design/sniperrifles/dahl/balance/balance_sr_dal_etech_rare,Blue E-Tech Dahl Sniper Rifle
/game/gear/weapons/sniperrifles/dahl/_shared/_design/balance/balance_sr_dal_04_veryrare,Purple Dahl Sniper Rifle
/game/gear/weapons/_shared/_design/_manufacturers/_etech/_design/sniperrifles/dahl/balance/balance_sr_dal_etech_veryrare,Purple E-Tech Dahl Sniper Rifle
/game/gear/weapons/smgs/hyperion/_shared/_design/balancestate/balance_sm_hyp_01_common,White Hyperion SMG
/game/gear/weapons/smgs/hyperion/_shared/_design/balancestate/balance_sm_hyp_02_uncommon,Green Hyperion SMG
/game/gear/weapons/smgs/hyperion/_shared/_design/balancestate/balance_sm_hyp_03_rare,Blue Hyperion SMG
/game/gear/weapons/_shared/_design/_manufacturers/_etech/_design/smgs/hyperion/balance/balance_sm_hyp_etech_rare,Blue E-Tech Hyperion SMG
/game/gear/weapons/smgs/hyperion/_shared/_design/balancestate/balance_sm_hyp_04_veryrare,Purple Hyperion SMG
/game/gear/weapons/_shared/_design/_manufacturers/_etech/_design/smgs/hyperion/balance/balance_sm_hyp_etech_veryrare,Purple E-Tech Hyperion SMG
/game/gear/weapons/shotguns/hyperion/_shared/_design/balancestates/balance_sg_hyp_01_common,White Hyperion Shotgun
/game/gear/weapons/shotguns/hyperion/_shared/_design/balancestates/balance_sg_hyp_02_uncommon,Green Hyperion Shotgun
/game/gear/weapons/shotguns/hyperion/_shared/_design/balancestates/balance_sg_hyp_03_rare,Blue Hyperion Shotgun
/game/gear/weapons/_shared/_design/_manufacturers/_etech/_design/shotgun/hyperion/balance/balance_sg_hyp_etech_rare,Blue E-Tech Hyperion Shotgun
/game/gear/weapons/shotguns/hyperion/_shared/_design/balancestates/balance_sg_hyp_04_veryrare,Purple Hyperion Shotgun
/game/gear/weapons/_shared/_design/_manufacturers/_etech/_design/shotgun/hyperion/balance/balance_sg_hyp_etech_veryrare,Purple E-Tech Hyperion Shotgun
/game/gear/weapons/sniperrifles/hyperion/_shared/_design/balance/balance_sr_hyp_01_common,White Hyperion Sniper Rifle
/game/gear/weapons/sniperrifles/hyperion/_shared/_design/balance/balance_sr_hyp_02_uncommon,Green Hyperion Sniper Rifle
/game/gear/weapons/sniperrifles/hyperion/_shared/_design/balance/balance_sr_hyp_03_rare,Blue Hyperion Sniper Rifle
/game/gear/weapons/_shared/_design/_manufacturers/_etech/_design/sniperrifles/hyperion/balance/balance_sr_hyp_etech_rare,Blue E-Tech Hyperion Sniper Rifle
/game/gear/weapons/sniperrifles/hyperion/_shared/_design/balance/balance_sr_hyp_04_veryrare,Purple Hyperion Sniper Rifle
/game/gear/weapons/_shared/_design/_manufacturers/_etech/_design/sniperrifles/hyperion/balance/balance_sr_hyp_etech_veryrare,Purple E-Tech Hyperion Sniper Rifle
/game/gear/weapons/assaultrifles/jakobs/_shared/_design/balance/balance_ar_jak_01_common,White Jakobs AR
/game/gear/weapons/assaultrifles/jakobs/_shared/_design/balance/balance_ar_jak_02_uncommon,Green Jakobs AR
/game/gear/weapons/assaultrifles/jakobs/_shared/_design/balance/balance_ar_jak_03_rare,Blue Jakobs AR
/game/gear/weapons/assaultrifles/jakobs/_shared/_design/balance/balance_ar_jak_04_veryrare,Purple Jakobs AR
/game/gear/weapons/pistols/jakobs/_shared/_design/balancestate/balance_ps_jak_01_common,White Jakobs Pistol
/game/gear/weapons/pistols/jakobs/_shared/_design/balancestate/balance_ps_jak_02_uncommon,Green Jakobs Pistol
/game/gear/weapons/pistols/jakobs/_shared/_design/balancestate/balance_ps_jak_03_rare,Blue Jakobs Pistol
/game/gear/weapons/pistols/jakobs/_shared/_design/balancestate/balance_ps_jak_04_veryrare,Purple Jakobs Pistol
/game/gear/weapons/shotguns/jakobs/_shared/_design/balancestate/balance_sg_jak_01_common,White Jakobs Shotgun
/game/gear/weapons/shotguns/jakobs/_shared/_design/balancestate/balance_sg_jak_02_uncommon,Green Jakobs Shotgun
/game/gear/weapons/shotguns/jakobs/_shared/_design/balancestate/balance_sg_jak_03_rare,Blue Jakobs Shotgun
/game/gear/weapons/shotguns/jakobs/_shared/_design/balancestate/balance_sg_jak_04_veryrare,Purple Jakobs Shotgun
/game/gear/weapons/sniperrifles/jakobs/_shared/_design/balance/balance_sr_jak_01_common,White Jakobs Sniper Rifle
/game/gear/weapons/sniperrifles/jakobs/_shared/_design/balance/balance_sr_jak_02_uncommon,Green Jakobs Sniper Rifle
/game/gear/weapons/sniperrifles/jakobs/_shared/_design/balance/balance_sr_jak_03_rare,Blue Jakobs Sniper Rifle
/game/gear/weapons/sniperrifles/jakobs/_shared/_design/balance/balance_sr_jak_04_veryrare,Purple Jakobs Sniper Rifle
/game/gear/weapons/pistols/maliwan/_shared/_design/balancestate/balance_ps_mal_01_common,White Maliwan Pistol
/game/gear/weapons/pistols/maliwan/_shared/_design/balancestate/balance_ps_mal_02_uncommon,Green Maliwan Pistol
/game/gear/weapons/pistols/maliwan/_shared/_design/balancestate/balance_ps_mal_03_rare,Blue Maliwan Pistol
/game/gear/weapons/_shared/_design/_manufacturers/_etech/_design/pistol/mal/balance/balance_ps_mal_etech_rare,Blue E-Tech Maliwan Pistol
/game/gear/weapons/pistols/maliwan/_shared/_design/balancestate/balance_ps_mal_04_veryrare,Purple Maliwan Pistol
/game/gear/weapons/_shared/_design/_manufacturers/_etech/_design/pistol/mal/balance/balance_ps_mal_etech_veryrare,Purple E-Tech Maliwan Pistol
/game/gear/weapons/smgs/maliwan/_shared/_design/balancestate/balance_sm_mal_01_common,White Maliwan SMG
/game/gear/weapons/smgs/maliwan/_shared/_design/balancestate/balance_sm_mal_02_uncommon,Green Maliwan SMG
/game/gear/weapons/smgs/maliwan/_shared/_design/balancestate/balance_sm_mal_03_rare,Blue Maliwan SMG
/game/gear/weapons/_shared/_design/_manufacturers/_etech/_design/smgs/maliwan/balance/balance_sm_mal_etech_rare,Blue E-Tech Maliwan SMG
/game/gear/weapons/smgs/maliwan/_shared/_design/balancestate/balance_sm_mal_04_veryrare,Purple Maliwan SMG
/game/gear/weapons/_shared/_design/_manufacturers/_etech/_design/smgs/maliwan/balance/balance_sm_mal_etech_veryrare,Purple E-Tech Maliwan SMG
/game/gear/weapons/shotguns/maliwan/_shared/_design/balancestate/balance_sg_mal_01_common,White Maliwan Shotgun
/game/gear/weapons/shotguns/maliwan/_shared/_design/balancestate/balance_sg_mal_02_uncommon,Green Maliwan Shotgun
/game/gear/weapons/shotguns/maliwan/_shared/_design/balancestate/balance_sg_mal_03_rare,Blue Maliwan Shotgun
/game/gear/weapons/_shared/_design/_manufacturers/_etech/_design/shotgun/maliwan/balance/balance_sg_mal_etech_rare,Blue E-Tech Maliwan Shotgun
/game/gear/weapons/shotguns/maliwan/_shared/_design/balancestate/balance_sg_mal_04_veryrare,Purple Maliwan Shotgun
/game/gear/weapons/_shared/_design/_manufacturers/_etech/_design/shotgun/maliwan/balance/balance_sg_mal_etech_veryrare,Purple E-Tech Maliwan Shotgun
/game/gear/weapons/sniperrifles/maliwan/shared/_design/balance/balance_mal_sr_01_common,White Maliwan Sniper Rifle
/game/gear/weapons/sniperrifles/maliwan/shared/_design/balance/balance_mal_sr_02_uncommon,Green Maliwan Sniper Rifle
/game/gear/weapons/sniperrifles/maliwan/shared/_design/balance/balance_mal_sr_03_rare,Blue Maliwan Sniper Rifle
/game/gear/weapons/_shared/_design/_manufacturers/_etech/_design/sniperrifles/maliwan/balance/balance_sr_mal_etech_rare,Blue E-Tech Maliwan Sniper Rifle
/game/gear/weapons/sniperrifles/maliwan/shared/_design/balance/balance_mal_sr_04_veryrare,Purple Maliwan Sniper Rifle
/game/gear/weapons/_shared/_design/_manufacturers/_etech/_design/sniperrifles/maliwan/balance/balance_sr_mal_etech_veryrare,Purple E-Tech Maliwan Sniper Rifle
/game/gear/weapons/pistols/tediore/shared/_design/balancestate/balance_ps_tediore_01_common,White Tediore Pistol
/game/gear/weapons/pistols/tediore/shared/_design/balancestate/balance_ps_tediore_02_uncommon,Green Tediore Pistol
/game/gear/weapons/pistols/tediore/shared/_design/balancestate/balance_ps_tediore_03_rare,Blue Tediore Pistol
/game/gear/weapons/_shared/_design/_manufacturers/_etech/_design/pistol/ted/balance/balance_ps_tediore_etech_rare,Blue E-Tech Tediore Pistol
/game/gear/weapons/pistols/tediore/shared/_design/balancestate/balance_ps_tediore_04_veryrare,Purple Tediore Pistol
/game/gear/weapons/_shared/_design/_manufacturers/_etech/_design/pistol/ted/balance/balance_ps_tediore_etech_veryrare,Purple E-Tech Tediore Pistol
/game/gear/weapons/smgs/tediore/_shared/_design/balance/balance_sm_ted_01_common,White Tediore SMG
/game/gear/weapons/smgs/tediore/_shared/_design/balance/balance_sm_ted_02_uncommon,Green Tediore SMG
/game/gear/weapons/smgs/tediore/_shared/_design/balance/balance_sm_ted_03_rare,Blue Tediore SMG
/game/gear/weapons/_shared/_design/_manufacturers/_etech/_design/smgs/tediore/balance/balance_sm_ted_etech_rare,Blue E-Tech Tediore SMG
/game/gear/weapons/smgs/tediore/_shared/_design/balance/balance_sm_ted_04_veryrare,Purple Tediore SMG
/game/gear/weapons/_shared/_design/_manufacturers/_etech/_design/smgs/tediore/balance/balance_sm_ted_etech_veryrare,Purple E-Tech Tediore SMG
/game/gear/weapons/shotguns/tediore/_shared/_design/balance/balance_sg_ted_01_common,White Tediore Shotgun
/game/gear/weapons/shotguns/tediore/_shared/_design/balance/balance_sg_ted_02_uncommon,Green Tediore Shotgun
/game/gear/weapons/shotguns/tediore/_shared/_design/balance/balance_sg_ted_03_rare,Blue Tediore Shotgun
/game/gear/weapons/_shared/_design/_manufacturers/_etech/_design/shotgun/tediore/balance/balance_sg_ted_etech_rare,Blue E-Tech Tediore Shotgun
/game/gear/weapons/shotguns/tediore/_shared/_design/balance/balance_sg_ted_04_veryrare,Purple Tediore Shotgun
/game/gear/weapons/_shared/_design/_manufacturers/_etech/_design/shotgun/tediore/balance/balance_sg_ted_etech_veryrare,Purple E-Tech Tediore Shotgun
/game/gear/weapons/assaultrifles/torgue/_shared/_design/balance/balance_ar_tor_01_common,White Torgue AR
/game/gear/weapons/assaultrifles/torgue/_shared/_design/balance/balance_ar_tor_02_uncommon,Green Torgue AR
/game/gear/weapons/assaultrifles/torgue/_shared/_design/balance/balance_ar_tor_03_rare,Blue Torgue AR
/game/gear/weapons/_shared/_design/_manufacturers/_etech/_design/assaultrifle/tor/balance/balance_ar_tor_etech_rare,Blue E-Tech Torgue AR
/game/gear/weapons/assaultrifles/torgue/_shared/_design/balance/balance_ar_tor_04_veryrare,Purple Torgue AR
/game/gear/weapons/_shared/_design/_manufacturers/_etech/_design/assaultrifle/tor/balance/balance_ar_tor_etech_veryrare,Purple E-Tech Torgue AR
/game/gear/weapons/heavyweapons/torgue/_shared/_design/balance/balance_hw_tor_01_common,White Torgue Heavy Weapon
/game/gear/weapons/heavyweapons/torgue/_shared/_design/balance/balance_hw_tor_02_uncommon,Green Torgue Heavy Weapon
/game/gear/weapons/heavyweapons/torgue/_shared/_design/balance/balance_hw_tor_03_rare,Blue Torgue Heavy Weapon
/game/gear/weapons/_shared/_design/_manufacturers/_etech/_design/hw/tor/balance/balance_hw_tor_etech_rare,Blue E-Tech Torgue Heavy Weapon
/game/gear/weapons/heavyweapons/torgue/_shared/_design/balance/balance_hw_tor_04_veryrare,Purple Torgue Heavy Weapon
/game/gear/weapons/_shared/_design/_manufacturers/_etech/_design/hw/tor/balance/balance_hw_tor_etech_veryrare,Purple E-Tech Torgue Heavy Weapon
/game/gear/weapons/pistols/torgue/_shared/_design/balance/balance_ps_tor_01_common,White Torgue Pistol
/game/gear/weapons/pistols/torgue/_shared/_design/balance/balance_ps_tor_02_uncommon,Green Torgue Pistol
/game/gear/weapons/pistols/torgue/_shared/_design/balance/balance_ps_tor_03_rare,Blue Torgue Pistol
/game/gear/weapons/_shared/_design/_manufacturers/_etech/_design/pistol/tor/balance/balance_ps_tor_etech_rare,Blue E-Tech Torgue Pistol
/game/gear/weapons/pistols/torgue/_shared/_design/balance/balance_ps_tor_04_veryrare,Purple Torgue Pistol
/game/gear/weapons/_shared/_design/_manufacturers/_etech/_design/pistol/tor/balance/balance_ps_tor_etech_veryrare,Purple E-Tech Torgue Pistol
/game/gear/weapons/shotguns/torgue/_shared/_design/balancestate/balance_sg_torgue_01_common,White Torgue Shotgun
/game/gear/weapons/shotguns/torgue/_shared/_design/balancestate/balance_sg_torgue_02_uncommon,Green Torgue Shotgun
/game/gear/weapons/shotguns/torgue/_shared/_design/balancestate/balance_sg_torgue_03_rare,Blue Torgue Shotgun
/game/gear/weapons/_shared/_design/_manufacturers/_etech/_design/shotgun/torgue/balance/balance_sg_torgue_etech_rare,Blue E-Tech Torgue Shotgun
/game/gear/weapons/shotguns/torgue/_shared/_design/balancestate/balance_sg_torgue_04_veryrare,Purple Torgue Shotgun
/game/gear/weapons/_shared/_design/_manufacturers/_etech/_design/shotgun/torgue/balance/balance_sg_torgue_etech_veryrare,Purple E-Tech Torgue Shotgun
/game/gear/weapons/assaultrifles/vladof/_shared/_design/balancestate/balance_ar_vla_01_common,White Vladof AR
/game/gear/weapons/assaultrifles/vladof/_shared/_design/balancestate/balance_ar_vla_02_uncommon,Green Vladof AR
/game/gear/weapons/assaultrifles/vladof/_shared/_design/balancestate/balance_ar_vla_03_rare,Blue Vladof AR
/game/gear/weapons/_shared/_design/_manufacturers/_etech/_design/assaultrifle/vla/balance/balance_ar_vla_etech_rare,Blue E-Tech Vladof AR
/game/gear/weapons/assaultrifles/vladof/_shared/_design/balancestate/balance_ar_vla_04_veryrare,Purple Vladof AR
/game/gear/weapons/_shared/_design/_manufacturers/_etech/_design/assaultrifle/vla/balance/balance_ar_vla_etech_veryrare,Purple E-Tech Vladof AR
/game/gear/weapons/heavyweapons/vladof/_shared/_design/balance/balance_hw_vla_01_common,White Vladof Heavy Weapon
/game/gear/weapons/heavyweapons/vladof/_shared/_design/balance/balance_hw_vla_02_uncommon,Green Vladof Heavy Weapon
/game/gear/weapons/heavyweapons/vladof/_shared/_design/balance/balance_hw_vla_03_rare,Blue Vladof Heavy Weapon
/game/gear/weapons/_shared/_design/_manufacturers/_etech/_design/hw/vla/balance/balance_hw_vla_etech_rare,Blue E-Tech Vladof Heavy Weapon
/game/gear/weapons/heavyweapons/vladof/_shared/_design/balance/balance_hw_vla_04_veryrare,Purple Vladof Heavy Weapon
/game/gear/weapons/_shared/_design/_manufacturers/_etech/_design/hw/vla/balance/balance_hw_vla_etech_veryrare,Purple E-Tech Vladof Heavy Weapon
/game/gear/weapons/pistols/vladof/_shared/_design/balancestate/balance_ps_vla_01_common,White Vladof Pistol
/game/gear/weapons/pistols/vladof/_shared/_design/balancestate/balance_ps_vla_02_uncommon,Green Vladof Pistol
/game/gear/weapons/pistols/vladof/_shared/_design/balancestate/balance_ps_vla_03_rare,Blue Vladof Pistol
/game/gear/weapons/_shared/_design/_manufacturers/_etech/_design/pistol/vladof/balance/balance_ps_vla_etech_rare,Blue E-Tech Vladof Pistol
/game/gear/weapons/pistols/vladof/_shared/_design/balancestate/balance_ps_vla_04_veryrare,Purple Vladof Pistol
/game/gear/weapons/_shared/_design/_manufacturers/_etech/_design/pistol/vladof/balance/balance_ps_vla_etech_veryrare,Purple E-Tech Vladof Pistol
/game/gear/weapons/sniperrifles/vladof/_shared/_design/balance/balance_vla_sr_01_common,White Vladof Sniper Rifle
/game/gear/weapons/sniperrifles/vladof/_shared/_design/balance/balance_vla_sr_02_uncommon,Green Vladof Sniper Rifle
/game/gear/weapons/sniperrifles/vladof/_shared/_design/balance/balance_vla_sr_03_rare,Blue Vladof Sniper Rifle
/game/gear/weapons/_shared/_design/_manufacturers/_etech/_design/sniperrifles/vladof/balance/balance_sr_vla_etech_rare,Blue E-Tech Vladof Sniper Rifle
/game/gear/weapons/sniperrifles/vladof/_shared/_design/balance/balance_vla_sr_04_veryrare,Purple Vladof Sniper Rifle
/game/gear/weapons/_shared/_design/_manufacturers/_etech/_design/sniperrifles/vladof/balance/balance_sr_vla_etech_veryrare,Purple E-Tech Vladof Sniper Rifle
/game/gear/weapons/smgs/dahl/_shared/_design/_unique/ninevolt/balance/balance_sm_dahl_ninevolt,9-Volt
/game/gear/weapons/pistols/dahl/_shared/_design/_unique/aaa/balance/balance_dal_ps_aaa,AAA
/game/gear/weapons/heavyweapons/childrenofthevault/_shared/_design/_unique/terror/balance/balance_hw_cov_terror,Agonizer 1500
/game/gear/weapons/assaultrifles/torgue/_shared/_design/_unique/alchemist/balance/balance_ar_tor_alchemist,Alchemist
/game/gear/weapons/pistols/jakobs/_shared/_design/_unique/amazinggrace/balance/balance_ps_jak_amazinggrace,Amazing Grace
/game/gear/weapons/assaultrifles/torgue/_shared/_design/_unique/ambermanagement/balance/balance_ar_tor_ambermanagement,Amber Management
/game/patchdlc/hibiscus/gear/weapon/_unique/anarchy/balance/balance_sg_ted_anarchy,Anarchy
/game/patchdlc/alisma/gear/weapon/_unique/ashenbeast/balance/balance_sm_dal_etech_ashenbeast_epic,Ashen Beast
/game/gear/weapons/sniperrifles/maliwan/shared/_design/_unique/_legendary/asmd/balance/balance_mal_sr_asmd,ASMD
/game/patchdlc/ixora2/gear/weapons/_unique/replay/balance/balance_ps_atl_replay,Atlas Replay
/game/patchdlc/dandelion/gear/weapon/_unique/autoaime/balance/balance_sr_dal_autoaime,AutoAim√®
/game/gear/weapons/pistols/tediore/shared/_design/_unique/babymaker/balance/balance_ps_tediore_babymaker,Baby Maker ++
/game/patchdlc/mayhem2/gear/weapon/_shared/_unique/backburner/balance/balance_hw_vla_etech_backburner,Backburner
/game/gear/weapons/pistols/tediore/shared/_design/_unique/_bangarang/balance/balance_ps_ted_bangerang,Bangarang
/game/gear/weapons/assaultrifles/dahl/_shared/_design/_unique/barrage/balance/balance_dal_ar_barrage,Barrage
/game/patchdlc/geranium/gear/weapon/_unique/decoupler/balance/balance_ps_mal_decoupler,Beacon
/game/gear/weapons/assaultrifles/torgue/_shared/_design/_unique/bearcat/balance/balance_ar_tor_bearcat,Bearcat
/game/gear/weapons/assaultrifles/jakobs/_shared/_design/_unique/bekah/balance/balance_ar_jak_bekah,Bekah
/game/patchdlc/ixora/gear/weapons/_unique/binaryoperator/balance/balance_mal_sr_binaryoperator,Binary Operator
/game/patchdlc/vaultcard/gear/weapons/unique/birdofprey/balance/balance_sr_jak_birdofprey,Bird of Prey
/game/gear/weapons/smgs/hyperion/_shared/_design/_unique/bitch/balance/balance_sm_hyp_bitch,Bitch
/game/patchdlc/hibiscus/gear/weapon/_unique/bitesize/balance/balance_ps_jak_bitesize,Bite Size
/game/gear/weapons/shotguns/torgue/_shared/_design/_unique/brew/balance/balance_sg_tor_brewha,Black Flame
/game/patchdlc/alisma/gear/weapon/_unique/blindbandit/balance/balance_sg_mal_blindbandit_epic,Blind Bandit
/game/patchdlc/alisma/gear/weapon/_unique/blindbandit/balance/balance_sg_mal_blindbandit,Blind Sage
/game/patchdlc/alisma/gear/weapon/_unique/ashenbeast/balance/balance_sm_dal_etech_ashenbeast,Blood-Starved Beast
/game/patchdlc/geranium/gear/weapon/_unique/rose/balance/balance_ps_jak_rose,Bloom
/game/gear/weapons/pistols/vladof/_shared/_design/_unique/boneshredder/balance/balance_ps_vla_boneshredder,Bone Shredder
/game/patchdlc/ixora/gear/weapons/_unique/boogeyman/balance/balance_vla_sr_boogeyman,Boogeyman
/game/gear/weapons/assaultrifles/vladof/_shared/_design/_unique/sickle/balance/balance_ar_vla_sickle,Boom Sickle / Sickle
/game/patchdlc/dandelion/gear/weapon/_unique/boomer/balance/balance_sm_dal_boomer,Boomer
/game/patchdlc/dandelion/gear/weapon/_unique/trash/balance/balance_ar_cov_trash,Brad Luck
/game/gear/weapons/shotguns/hyperion/_shared/_design/_unique/redistributor/balance/balance_sg_hyp_redistributor,Brainstormer
/game/gear/weapons/sniperrifles/dahl/_shared/_design/_unique/brashisdedication/balance/balance_sr_dal_brashisdedication,Brashi's Dedication
/game/gear/weapons/assaultrifles/dahl/_shared/_design/_unique/botd/balance/balance_dal_ar_botd,Breath of the Dying
/game/patchdlc/geranium/gear/weapon/_unique/brightside/balance/balance_sg_ted_brightside,Brightside
/game/patchdlc/geranium/gear/weapon/_unique/bubbleblaster/balance/balance_ps_mal_bubbleblaster,Bubble Blaster
/game/gear/weapons/pistols/jakobs/_shared/_design/_unique/buttplug/balance/balance_ps_jak_buttplug,Buttplug
/game/gear/weapons/assaultrifles/atlas/_shared/_design/_unique/carrier/balance/balance_atl_ar_carrier,Carrier
/game/patchdlc/geranium/gear/weapon/_unique/antler/balance/balance_sg_mal_etech_antler,Chandelier
/game/patchdlc/dandelion/gear/weapon/_unique/cheaptips/balance/balance_sm_hyp_cheaptips,Cheap Tips
/game/gear/weapons/shotguns/torgue/_shared/_design/_unique/balrog/balance/balance_sg_torgue_balrog,Chomper
/game/patchdlc/hibiscus/gear/weapon/_unique/clairvoyance/balance/balance_ar_jak_clairvoyance,Clairvoyance
/game/gear/weapons/smgs/maliwan/_shared/_design/_unique/cloudkill/balance/balance_sm_mal_cloudkill,Cloud Kill
/game/patchdlc/hibiscus/gear/weapon/_unique/cockybastard/balance/balance_sr_jak_cockybastard,Cocky Bastard
/game/gear/weapons/sniperrifles/vladof/_shared/_design/_unique/prison/balance/balance_vla_sr_prison,Cold Shoulder
/game/patchdlc/geranium/gear/weapon/_unique/imaginarynumber/balance/balance_mal_sr_imaginarynumber,Complex Root
/game/gear/weapons/shotguns/hyperion/_shared/_design/_unique/conferencecall/balance/balance_sg_hyp_conferencecall,Conference Call
/game/patchdlc/geranium/gear/weapon/_unique/containedexplosion/balance/balance_ar_tor_contained,Contained Blast
/game/patchdlc/alisma/gear/weapon/_unique/convergence/balance/balance_sg_hyp_convergence,Convergence
/game/patchdlc/raid1/re-engagement/weapons/cradermp5/balance/balance_sm_dahl_cradermp5,Crader's EM-P5
/game/patchdlc/dandelion/gear/weapon/_unique/craps/balance/balance_ps_tor_craps,Craps
/game/patchdlc/dandelion/gear/weapon/_unique/creamer/balance/balance_hw_tor_creamer,Creamer
/game/gear/weapons/shotguns/tediore/_shared/_design/_unique/sludge/balance/balance_sg_ted_sludge,Creeping Death
/game/gear/weapons/smgs/maliwan/_shared/_design/_unique/crit/balance/balance_sm_mal_crit,Crit
/game/patchdlc/alisma/gear/weapon/_unique/voice/balance/balance_ps_tor_voice_epic,Critical Mass
/game/patchdlc/ixora/gear/weapons/_unique/criticalthug/balance/balance_sg_torgue_criticalthug,Critical Thug / Critical Thug x2
/game/gear/weapons/smgs/hyperion/_shared/_design/_unique/crossroad/balance/balance_sm_hyp_crossroad,Crossroad
/game/gear/weapons/smgs/maliwan/_shared/_design/_unique/cutsman/balance/balance_sm_mal_cutsman,Cutsman
/game/patchdlc/mayhem2/gear/weapon/_shared/_unique/dna/balance/balance_sm_mal_dna,D.N.A.
/game/patchdlc/geranium/gear/weapon/_unique/dakota/balance/balance_sg_jak_dakota,Dakota
/game/gear/weapons/assaultrifles/vladof/_shared/_design/_unique/damn/balance/balance_ar_vla_damn,Damned
/game/patchdlc/ixora/gear/weapons/_unique/darkarmy/balance/balance_sm_ted_darkarmy,Dark Army +
/game/gear/weapons/pistols/jakobs/_shared/_design/_unique/malevolent/balance/balance_ps_jak_malevolent,Dead Chamber
/game/gear/weapons/smgs/maliwan/_shared/_design/_unique/destructospin/balance/balance_sm_mal_destructospin,Destructo Spinner
/game/gear/weapons/pistols/torgue/_shared/_design/_unique/devestator/balance/balance_ps_tor_devestator,Devastator
/game/gear/weapons/pistols/torgue/_shared/_design/_unique/foursum/balance/balance_ps_tor_4sum,Devils Foursum
/game/gear/weapons/smgs/maliwan/_shared/_design/_unique/devoted/balance/balance_sm_mal_devoted,Devoted
/game/patchdlc/dandelion/gear/weapon/_unique/digby/balance/balance_dal_ar_digby,Digby's Smooth Tube
/game/patchdlc/geranium/gear/weapon/_unique/dowsingrod/balance/balance_ar_vla_dowsing,Dowsing Rod
/game/gear/weapons/smgs/maliwan/_shared/_design/_unique/egon/balance/balance_sm_mal_egon,E-Gone
/game/gear/weapons/assaultrifles/dahl/_shared/_design/_unique/earworm/balance/balance_dal_ar_earworm,Earworm
/game/gear/weapons/pistols/torgue/_shared/_design/_unique/echo/balance/balance_ps_tor_echo,Echo / Breeder
/game/patchdlc/dandelion/gear/weapon/_unique/emberspurge/balance/balance_sm_mal_emberspurge,Ember's Purge
/game/gear/weapons/pistols/childrenofthevault/_shared/_design/_unique/chad/balance/balance_ps_cov_chad,Extreme Hangin' Chadd
/game/gear/weapons/shotguns/hyperion/_shared/_design/_unique/brick/balance/balance_sg_hyp_brick,Face-puncher
/game/gear/weapons/assaultrifles/vladof/_shared/_design/_unique/faisor/balance/balance_ar_vla_faisor,Faisor
/game/patchdlc/ixora/gear/weapons/_unique/tizzy/balance/balance_ps_cov_tizzy,Fasterfied Tizzy
/game/patchdlc/bloodyharvest/gear/weapons/shotguns/hyperion/_shared/_design/_unique/fearmonger/balance/balance_sg_hyp_etech_fearmonger,Fearmonger
/game/gear/weapons/shotguns/jakobs/_shared/_design/_unique/fingerbiter/balance/balance_sg_jak_fingerbiter,Fingerbiter
/game/patchdlc/hibiscus/gear/weapon/_unique/firecracker/balance/balance_sg_hyp_firecracker,Firecracker
/game/patchdlc/ixora/gear/weapons/_unique/firefly/balance/balance_ps_vla_firefly,Firefly
/game/gear/weapons/shotguns/torgue/_shared/_design/_unique/flakker/balance/balance_sg_torgue_flakker,Flakker
/game/patchdlc/hibiscus/gear/weapon/_unique/omen/balance/balance_sg_ted_omen,Flama Diddle
/game/patchdlc/geranium/gear/weapon/_unique/flipper/balance/balance_sm_mal_flipper,Flipper
/game/patchdlc/ixora2/gear/weapons/_unique/deatomizer/balance/balance_ps_mal_deatomizer,Free Radical
/game/gear/weapons/heavyweapons/atl/_shared/_design/_unique/freeman/balance/balance_hw_atl_freeman,Freeman
/game/patchdlc/geranium/gear/weapon/_unique/frequency/balance/balance_sg_mal_frequency,Frequency
/game/patchdlc/hibiscus/gear/weapon/_unique/frozendevil/balance/balance_ps_mal_frozendevil,Frozen Devil
/game/patchdlc/geranium/gear/weapon/_unique/gargoyle/balance/balance_ps_cov_gargoyle,Gargoyle
/game/gear/weapons/assaultrifles/jakobs/_shared/_design/_unique/gatlinggun/balance/balance_ar_jak_04_gatlinggun,Gatling Gun
/game/gear/weapons/heavyweapons/torgue/_shared/_design/_unique/burgercannon/balance/balance_hw_tor_burgercannon,Gettleburger
/game/gear/weapons/pistols/torgue/_shared/_design/_unique/nurf/balance/balance_ps_tor_nurf,Girth Blaster Elite
/game/patchdlc/takedown2/gear/weapons/globetrotter/balance/balance_hw_cov_globetrotter,Globetrottr
/game/patchdlc/raid1/re-engagement/weapons/juju/balance/balance_dal_ar_etech_juju,Good Juju
/game/patchdlc/event2/gear/weapon/_unique/greasetrap/balance/balance_ps_mal_greasetrap,Grease Trap
/game/patchdlc/vaultcard/gear/weapons/unique/guardian/balance/balance_sg_hyp_guardian,Guardian 4N631
/game/gear/weapons/pistols/tediore/shared/_design/_unique/gunerang/balance/balance_ps_ted_gunerang,Gunerang
/game/gear/weapons/assaultrifles/dahl/_shared/_design/_unique/hail/balance/balance_dal_ar_hail,Hail
/game/gear/weapons/assaultrifles/jakobs/_shared/_design/_unique/handofglory/balance/balance_ar_jak_handofglory,Hand of Glory
/game/gear/weapons/smgs/hyperion/_shared/_design/_unique/handsome/balance/balance_sm_hyp_handsome,Handsome Jackhammer
/game/gear/weapons/sniperrifles/jakobs/_shared/_design/_unique/headsplosion/balance/balance_sr_jak_headsplosion,Headsplosion
/game/patchdlc/dandelion/gear/weapon/_unique/heartbreaker/balance/balance_sg_hyp_heartbreaker,Heart Breaker
/game/gear/weapons/pistols/torgue/_shared/_design/_unique/heckelandhyde/heckle/balance/balance_ps_tor_heckle,Heckle
/game/gear/weapons/smgs/dahl/_shared/_design/_unique/hellfire/balance/balance_sm_dahl_hellfire,Hellfire
/game/gear/weapons/pistols/maliwan/_shared/_design/_unique/hellshock/balance/balance_ps_mal_hellshock,Hellshock
/game/gear/weapons/shotguns/jakobs/_shared/_design/_unique/_legendary/hellwalker/balance/balance_sg_jak_hellwalker,Hellwalker
/game/gear/weapons/heavyweapons/torgue/_shared/_design/_unique/hive/balance/balance_hw_tor_hive,Hive
/game/gear/weapons/pistols/dahl/_shared/_design/_unique/hornet/balance/balance_dal_ps_hornet,Hornet
/game/gear/weapons/heavyweapons/childrenofthevault/_shared/_design/_unique/hotdrop/balance/balance_hw_cov_hotdrop,Hot Drop
/game/patchdlc/ixora/gear/weapons/_unique/hotfootteddy/balance/balance_ar_tor_hotfoot,Hotfoot Teddy
/game/gear/weapons/pistols/torgue/_shared/_design/_unique/heckelandhyde/hyde/balance/balance_ps_tor_hyde,Hyde
/game/patchdlc/hibiscus/gear/weapon/_unique/hydrafrost/balance/balance_ps_cov_hydrafrost,Hydrafrost
/game/gear/weapons/pistols/maliwan/_shared/_design/_unique/hyperhydrator/balance/balance_ps_mal_hyperhydrator,Hyper-Hydrator
/game/patchdlc/ixora/gear/weapons/_unique/iceage/balance/balance_hw_tor_iceage,Ice Age
/game/patchdlc/event2/gear/weapon/_unique/icepick/balance/balance_ps_mal_icepick,Ice Pick
/game/patchdlc/geranium/gear/weapon/_unique/coolbeans/balance/balance_ar_jak_coolbeans,Icebreaker
/game/patchdlc/event2/gear/weapon/_unique/iceburger/balance/balance_sg_hyp_iceburger,Iceburger
/game/gear/weapons/pistols/vladof/_shared/_design/_unique/infiniti/balance/balance_ps_vla_infiniti,Infinity
/game/patchdlc/hibiscus/gear/weapon/_unique/insider/balance/balance_sg_mal_etech_insider,Insider
/game/patchdlc/dandelion/gear/weapon/_unique/ioncannon/balance/balance_hw_vla_ioncannon,ION CANNON
/game/patchdlc/dandelion/gear/weapon/_unique/ionlaser/balance/balance_sm_mal_ionlaser,ION LASER
/game/patchdlc/ixora2/gear/weapons/_unique/disruptor/balance/balance_sr_jak_disruptor,Ionic Disruptor
/game/gear/weapons/heavyweapons/vladof/_shared/_design/_unique/cloudburst/balance/balance_hw_vla_cloudburst,Jericho
/game/patchdlc/raid1/re-engagement/weapons/juliet/balance/balance_ar_tor_juliet_worlddrop,Juliet's Dazzle
/game/patchdlc/dandelion/gear/weapon/_unique/justcaustic/balance/balance_sm_hyp_justcaustic,Just Kaus
/game/patchdlc/hibiscus/gear/weapon/_unique/kaleidoscope/balance/balance_dal_ps_kaleidoscope,Kaleidoscope
/game/gear/weapons/assaultrifles/dahl/_shared/_design/_unique/kaos/balance/balance_dal_ar_kaos,Kaos
/game/patchdlc/mayhem2/gear/weapon/_shared/_unique/kaoson/balance/balance_sm_dahl_kaoson,Kaoson
/game/gear/weapons/sniperrifles/dahl/_shared/_design/_unique/worlddestroyer/balance/balance_sr_dal_worlddestroyer,Kenulox
/game/gear/weapons/smgs/maliwan/_shared/_design/_unique/kevins/balance/balance_sm_mal_kevins,Kevin's Chilly
/game/patchdlc/ixora/gear/weapons/_unique/kickcharger/balance/balance_hw_vla_etech_kickcharger,Kickcharger
/game/gear/weapons/shotguns/maliwan/_shared/_design/_unique/wisp/balance/balance_sg_mal_wisp,Kill-o'-the-Wisp
/game/gear/weapons/pistols/jakobs/_shared/_design/_unique/godmother/balance/balance_ps_jak_godmother,King's Call / Queen's Call
/game/gear/weapons/sniperrifles/maliwan/shared/_design/_unique/_legendary/krakatoa/balance/balance_mal_sr_krakatoa,Krakatoa
/game/patchdlc/raid1/gear/weapons/kybsworth/balance/balance_sm_mal_kybsworth,Kyb's Worth
/game/gear/weapons/smgs/hyperion/_shared/_design/_unique/l0v3m4ch1n3/balance/balance_sm_hyp_l0v3m4ch1n3,L0V3M4CH1N3
/game/patchdlc/dandelion/gear/weapon/_unique/varlope/balance/balance_ar_tor_varlope,La Varlope
/game/gear/weapons/assaultrifles/torgue/_shared/_design/_unique/lasersploder/balance/balance_ar_tor_lasersploder,Laser-Sploder
/game/gear/weapons/assaultrifles/jakobs/_shared/_design/_unique/leadsprinkler/balance/balance_ar_jak_leadsprinkler,Lead Sprinkler
/game/patchdlc/geranium/gear/weapon/_unique/lasocannon/balance/balance_ps_vla_lasocannon,Light Show
/game/patchdlc/alisma/gear/weapon/_unique/lovablerogue/balance/balance_ar_tor_lovablerogue_epic,Likable Rascal
/game/gear/weapons/pistols/atlas/_shared/_design/_unique/drill/balance/balance_ps_atl_drill,Linc
/game/gear/weapons/pistols/childrenofthevault/_shared/_design/_unique/legion/balance/balance_ps_cov_legion,Linoge
/game/patchdlc/hibiscus/gear/weapon/_unique/littleyeeti/balance/balance_ps_jak_littleyeeti,Little Yeeti
/game/gear/weapons/smgs/tediore/_shared/_design/_unique/notaflamethrower/balance/balance_sm_ted_notaflamethrower,Long Musket
/game/patchdlc/alisma/gear/weapon/_unique/lovablerogue/balance/balance_ar_tor_lovablerogue,Lovable Rogue
/game/patchdlc/hibiscus/gear/weapon/_unique/lovedrill/balance/balance_ps_jak_lovedrill_legendary,Love Drill (legendary version)
/game/gear/weapons/assaultrifles/vladof/_shared/_design/_unique/lucianscall/balance/balance_ar_vla_lucianscall,Lucian's Call
/game/patchdlc/dandelion/gear/weapon/_unique/lucky7/balance/balance_ps_jak_lucky7,Lucky 7
/game/gear/weapons/sniperrifles/vladof/_shared/_design/_unique/lyuda/balance/balance_vla_sr_lyuda,Lyuda
/game/gear/weapons/pistols/jakobs/_shared/_design/_unique/maggie/balance/balance_ps_jak_maggie,Maggie
/game/gear/weapons/pistols/vladof/_shared/_design/_unique/magnificent/balance/balance_ps_vla_magnificent,Magnificent
/game/patchdlc/alisma/gear/weapon/_unique/banditlauncher/balance/balance_hw_cov_banditlauncher,Major Kong
/game/gear/weapons/sniperrifles/dahl/_shared/_design/_unique/malaksbane/balance/balance_sr_dal_etech_malaksbane,Malak's Bane
/game/gear/weapons/shotguns/tediore/_shared/_design/_unique/friendzone/balance/balance_sg_ted_friendzone,Manic Pixie Dream Gun
/game/patchdlc/geranium/gear/weapon/_unique/sheriff/balance/balance_ps_jak_sheriff,Marshal
/game/gear/weapons/sniperrifles/hyperion/_shared/_design/_unique/masterworkcrossbow/balance/balance_sr_hyp_masterwork,Masterwork Crossbow
/game/patchdlc/vaultcard/gear/weapons/unique/mechanic/balance/balance_hw_cov_mechanic,Mechanic
/game/patchdlc/dandelion/gear/weapon/_unique/meltfacer/balance/balance_sg_hyp_meltfacer,Melt Facer
/game/gear/weapons/shotguns/maliwan/_shared/_design/_unique/mouthpiece2/balance/balance_sg_mal_mouthpiece2,Mind-Killer
/game/patchdlc/alisma/gear/weapon/_unique/banditlauncher/balance/balance_hw_cov_banditlauncher_epic,Minor Kong
/game/patchdlc/geranium/gear/weapon/_unique/miscreant/balance/balance_ps_vla_miscreant,Miscreant
/game/gear/weapons/smgs/maliwan/_shared/_design/_unique/vibrapulse/balance/balance_sm_mal_vibrapulse,Miss Moxxi's Vibra-Pulse
/game/gear/weapons/heavyweapons/vladof/_shared/_design/_unique/mongol/balance/balance_hw_vla_mongol,Mongol
/game/gear/weapons/sniperrifles/jakobs/_shared/_design/_unique/monocle/balance/balance_sr_jak_monocle,Monocle
/game/patchdlc/raid1/gear/weapons/handcannon/balance/balance_ps_tor_handcannon,Moonfire
/game/patchdlc/geranium/gear/weapon/_unique/earthbound/balance/balance_sm_ted_earthbound,Mother Too
/game/patchdlc/mayhem2/gear/weapon/_shared/_unique/doubletap/balance/balance_ps_atl_doubletap,Multi-tap
/game/patchdlc/hibiscus/gear/weapon/_unique/mutant/balance/balance_ar_jak_mutant,Mutant
/game/patchdlc/geranium/gear/weapon/_unique/narp/balance/balance_sr_hyp_narp,Narp
/game/patchdlc/event2/gear/weapon/_unique/needlegun/balance/balance_sm_ted_needlegun,Needle Gun
/game/gear/weapons/pistols/dahl/_shared/_design/_unique/nemesis/balance/balance_dal_ps_nemesis,Nemesis
/game/gear/weapons/pistols/dahl/_shared/_design/_unique/rakkman/balance/balance_dal_ps_rakkman,Night Flyer
/game/gear/weapons/smgs/dahl/_shared/_design/_unique/demoskag/balance/balance_sm_dal_demoskag,Night Hawkin
/game/gear/weapons/shotguns/jakobs/_shared/_design/_unique/_legendary/nimblejack/balance/balance_sg_jak_nimble,Nimble Jack
/game/patchdlc/event2/gear/weapon/_unique/pewpew/balance/balance_ar_cov_pewpew,NoPewPew
/game/patchdlc/hibiscus/gear/weapon/_unique/thenothing/balance/balance_sg_mal_thenothing,Nothingness
/game/patchdlc/dandelion/gear/weapon/_unique/nukem/balance/balance_hw_tor_nukem,Nukem
/game/gear/weapons/_shared/npc_weapons/zero/zeroforplayer/balance_sr_hyp_zeroforplayer,Null Pointer
/game/patchdlc/event2/gear/weapon/_unique/opq/balance/balance_atl_ar_opq,O.P.Q. System
/game/gear/weapons/pistols/torgue/_shared/_design/_unique/troy/balance/balance_ps_tor_troy,Occultist
/game/gear/weapons/assaultrifles/vladof/_shared/_design/_unique/ogre/balance/balance_ar_vla_ogre,Ogre
/game/patchdlc/hibiscus/gear/weapon/_unique/oldridian/balance/balance_sm_hyp_oldridian,Oldridian
/game/gear/weapons/pistols/dahl/_shared/_design/_unique/omniloader/balance/balance_dal_ps_omniloader,Omniloader
/game/gear/weapons/shotguns/jakobs/_shared/_design/_unique/_legendary/onepunch/balance/balance_sg_jak_onepunch,One Pump Chump
/game/patchdlc/alisma/gear/weapon/_unique/pat_mk3/balance/balance_sm_ted_patmk3_parent,P.A.T. Mk. I
/game/patchdlc/alisma/gear/weapon/_unique/pat_mk3/balance/balance_sm_ted_patmk3_epic,P.A.T. Mk. II
/game/patchdlc/alisma/gear/weapon/_unique/pat_mk3/balance/balance_sm_ted_patmk3,P.A.T. Mk. III
/game/patchdlc/raid1/gear/weapons/link/balance/balance_sm_mal_link,P2P Networker
/game/gear/weapons/assaultrifles/jakobs/_shared/_design/_unique/pasrifle/balance/balance_ar_jak_pasrifle,Pa's Rifle
/game/gear/weapons/assaultrifles/childrenofthevault/_shared/_design/_unique/kriegar/balance/balance_ar_cov_kriegar,Pain is Power / Embrace the Pain
/game/gear/weapons/pistols/atlas/_shared/_design/_unique/warmonger/balance/balance_ps_atl_warmonger,Peacemonger
/game/patchdlc/geranium/gear/weapon/_unique/peashooter/balance/balance_ps_jak_peashooter,Peashooter
/game/gear/weapons/pistols/childrenofthevault/_shared/_design/_unique/contagion/balance/balance_ps_cov_contagion,Pestilence
/game/gear/weapons/shotguns/hyperion/_shared/_design/_unique/phebert/balance/balance_sg_hyp_phebert,Phebert
/game/patchdlc/mayhem2/gear/weapon/_shared/_unique/plague/balance/balance_hw_tor_plague,Plaguebearer
/game/patchdlc/geranium/gear/weapon/_unique/plumage/balance/balance_hw_atl_plumage,Plumage
/game/gear/weapons/shotguns/tediore/_shared/_design/_unique/polybius/balance/balance_sg_ted_polybius,Polybius
/game/gear/weapons/heavyweapons/childrenofthevault/_shared/_design/_unique/portapooper/balance/balance_hw_cov_portapooper,Porta-Pooper 5000
/game/gear/weapons/smgs/hyperion/_shared/_design/_unique/predatorylending/balance/balance_sm_hyp_predatorylending,Predatory Lending
/game/patchdlc/event2/gear/weapon/_unique/pricker/balance/balance_sm_hyp_pricker,Pricker
/game/gear/weapons/shotguns/maliwan/_shared/_design/_unique/recursion/balance/balance_sg_mal_recursion,Projectile Recursion
/game/patchdlc/alisma/gear/weapon/_unique/voice/balance/balance_ps_tor_voice,Prompt Critical
/game/patchdlc/geranium/gear/weapon/_unique/copybeast/balance/balance_sm_hyp_copybeast,Proprietary License
/game/gear/weapons/pistols/childrenofthevault/_shared/_design/_unique/psychostabber/balance/balance_ps_cov_psychostabber,Psycho Stabber
/game/gear/weapons/heavyweapons/torgue/_shared/_design/_unique/rampager/balance/balance_hw_tor_rampager,Quadomizer
/game/patchdlc/geranium/gear/weapon/_unique/quickdraw/balance/balance_ps_jak_quickdraw,Quickdraw
/game/gear/weapons/heavyweapons/torgue/_shared/_design/_unique/ryno/balance/balance_hw_tor_ryno,R.Y.N.A.H.
/game/gear/weapons/assaultrifles/atlas/_shared/_design/_unique/rebellyell/balance/balance_atl_ar_rebelyell,Rebel Yell
/game/patchdlc/alisma/gear/weapon/_unique/sawhorse/balance/balance_ar_cov_sawhorse,Rebound
/game/patchdlc/ixora2/gear/weapons/_unique/redeye/balance/balance_hw_vla_redeye,Redeye Rocket Pod
/game/patchdlc/raid1/gear/weapons/fork2/balance/balance_sm_hyp_fork2,Redistributor (legendary version)
/game/gear/weapons/smgs/hyperion/_shared/_design/_unique/fork/balance/balance_sm_hyp_fork,Redistributor (mission reward)
/game/gear/weapons/shotguns/torgue/_shared/_design/_unique/redliner/balance/balance_sg_torgue_redline,Redline
/game/patchdlc/mayhem2/gear/weapon/_shared/_unique/reflux/balance/balance_sg_hyp_reflux,Reflux
/game/patchdlc/ixora/gear/weapons/_unique/spiritofmaya/balance/balance_ps_atl_spiritofmaya,Res
/game/patchdlc/alisma/gear/weapon/_unique/convergence/balance/balance_sg_hyp_convergence_epic,Reunion
/game/gear/weapons/smgs/dahl/_shared/_design/_unique/ripper/balance/balance_sm_dal_ripper,Ripper
/game/patchdlc/geranium/gear/weapon/_unique/speakeasy/balance/balance_sg_jak_speakeasy,Robin's Call
/game/patchdlc/dandelion/gear/weapon/_unique/robomasher/balance/balance_ps_jak_robomasher,Robo-Melter
/game/gear/weapons/pistols/jakobs/_shared/_design/_unique/spyrevolver/balance_ps_jak_spyrevolver,Rogue-Sight
/game/gear/weapons/pistols/torgue/_shared/_design/_unique/roisensthorns/balance/balance_ps_tor_roisensthorns,Roisen's Thorns
/game/gear/weapons/assaultrifles/jakobs/_shared/_design/_unique/rowanscall/balance/balance_ar_jak_rowanscall,Rowan's Call
/game/gear/weapons/heavyweapons/atl/_shared/_design/_unique/rubyswrath/balance/balance_hw_atl_rubyswrath,Ruby's Wrath
/game/patchdlc/raid1/re-engagement/weapons/execute/balance/balance_ps_ted_execute,S3RV-80S-EXECUTE
/game/patchdlc/hibiscus/gear/weapon/_unique/sacrificallamb/balance/balance_sg_ted_sacrificiallamb,Sacrificial Lamb
/game/patchdlc/mayhem2/gear/weapon/_shared/_unique/sandhawk/balance/balance_sr_dal_sandhawk,Sand Hawk
/game/patchdlc/geranium/gear/weapon/_unique/satisfaction/balance/balance_hw_tor_satisfaction,Satisfaction
/game/gear/weapons/assaultrifles/childrenofthevault/_shared/_design/_unique/sawbar/balance/balance_ar_cov_sawbar,Sawbar
/game/patchdlc/alisma/gear/weapon/_unique/sawhorse/balance/balance_ar_cov_sawhorse_epic,Sawpenny
/game/gear/weapons/pistols/tediore/shared/_design/_unique/sabre/balance/balance_ps_tediore_sabre,Scorpio
/game/gear/weapons/heavyweapons/torgue/_shared/_design/_unique/swarm/balance/balance_hw_tor_swarm,Scourge
/game/patchdlc/dandelion/gear/weapon/_unique/scoville/balance/balance_ps_tor_scoville,Scoville
/game/patchdlc/hibiscus/gear/weapon/_unique/homicidal/balance/balance_ar_cov_homicidal,Seeryul Killur
/game/gear/weapons/pistols/maliwan/_shared/_design/_unique/suckerpunch/balance/balance_ps_mal_suckerpunch,Sellout
/game/patchdlc/alisma/gear/weapon/_unique/septimator/balance/balance_vla_sr_septimator,Septimator Prime
/game/patchdlc/alisma/gear/weapon/_unique/septimator/balance/balance_vla_sr_septimator_epic,Septimator
/game/patchdlc/hibiscus/gear/weapon/_unique/theseventhsense/balance/balance_ps_jak_theseventhsense,Seventh Sense (legendary version)
/game/patchdlc/hibiscus/gear/weapon/_unique/sfforce/balance/balance_sm_mal_sfforce,SF Force
/game/patchdlc/hibiscus/gear/weapon/_unique/shocker/balance/balance_sg_torgue_etech_shocker,Shocker
/game/patchdlc/steam/gear/weapons/steamgun/balance/balance_sm_hyp_shortstick_legendary,Short Stick (legendary version)
/game/gear/weapons/shotguns/maliwan/_shared/_design/_unique/shriek/balance/balance_sg_mal_shriek,Shrieking Devil
/game/gear/weapons/pistols/childrenofthevault/_shared/_design/_unique/skeksis/balance/balance_ps_cov_skeksis,SkekSil
/game/patchdlc/hibiscus/gear/weapon/_unique/skullmasher/balance/balance_sr_jak_skullmasher,Skullmasher
/game/gear/weapons/shotguns/jakobs/_shared/_design/_unique/_legendary/sledge/balance/balance_sg_jak_lgd_sledge,Sledge's Shotgun / Sledge's Super Shotgun
/game/gear/weapons/smgs/dahl/_shared/_design/_unique/sleepinggiant/balance/balance_sm_dal_sleepinggiant,Sleeping Giant
/game/patchdlc/dandelion/gear/weapon/_unique/slowhand/balance/balance_sg_hyp_slowhand,Slow Hand
/game/gear/weapons/smgs/tediore/_shared/_design/_unique/spidermind/balance/balance_sm_ted_spidermind,Smart-Gun
/game/patchdlc/takedown2/gear/weapons/smog/balance/balance_sm_hyp_smog,Smog
/game/patchdlc/ixora/gear/weapons/_unique/trickshot/balance/balance_ps_jak_trickshot,Snide Trickshot
/game/gear/weapons/sniperrifles/maliwan/shared/_design/_unique/_legendary/soleki/balance/balance_mal_sr_soleki,Soleki Protocol
/game/patchdlc/hibiscus/gear/weapon/_unique/soulrender/balance/balance_dal_ar_soulrender,Soulrender
/game/patchdlc/geranium/gear/weapon/_unique/shoveler/balance/balance_sg_torgue_shoveler,Spade
/game/patchdlc/geranium/gear/weapon/_unique/splinter/balance/balance_sg_jak_splinter,Splinter
/game/patchdlc/bloodyharvest/gear/weapons/sniperrifles/dahl/_design/_unique/frostbolt/balance/balance_sr_dal_etech_frostbolt,Stalker
/game/gear/weapons/assaultrifles/dahl/_shared/_design/_unique/starhelix/balance/balance_dal_ar_starhelix,Star Helix
/game/gear/weapons/pistols/maliwan/_shared/_design/_unique/starkiller/balance/balance_ps_mal_starkiller,Starkiller
/game/patchdlc/hibiscus/gear/weapon/_unique/sparkyboom/balance/balance_ar_cov_sparkyboom,Stauros' Burn
/game/patchdlc/geranium/gear/weapon/_unique/stonethrow/balance/balance_ar_jak_stonethrow,Stonethrower
/game/gear/weapons/sniperrifles/maliwan/shared/_design/_unique/_legendary/storm/balance/balance_mal_sr_lgd_storm,Storm / Firestorm
/game/gear/weapons/assaultrifles/vladof/_shared/_design/_unique/shredifier/balance/balance_ar_vla_sherdifier,Super Shredifier
/game/gear/weapons/pistols/maliwan/_shared/_design/_unique/plumber/balance/balance_ps_mal_plumber,Superball
/game/patchdlc/ixora/gear/weapons/_unique/plasmacoil/balance/balance_sm_mal_plasmacoil,Superconducting Plasma Coil
/game/patchdlc/eventvday/gear/weapon/_unique/twitchprime/balance/balance_sg_ted_twitch,Superstreamer
/game/gear/weapons/shotguns/jakobs/_shared/_design/_unique/thewave/balance/balance_sg_jak_unique_wave,T.K.'s Wave + variants
/game/patchdlc/raid1/re-engagement/weapons/tankman/balance/balance_sr_hyp_tankman,Tankman's Shield
/game/gear/weapons/smgs/tediore/_shared/_design/_unique/tengallon/balance/balance_sm_ted_tengallon,Ten Gallon
/game/patchdlc/eventvday/gear/weapon/_unique/polyaim/balance/balance_sm_mal_polyaim,Terminal Polyaimorous
/game/patchdlc/geranium/gear/weapon/_unique/biobetsy/balance/balance_ar_cov_biobetsy_rad,The Beast (rad)
/game/patchdlc/geranium/gear/weapon/_unique/biobetsy/balance/balance_ar_cov_biobetsy_shock,The Beast (shock)
/game/gear/weapons/assaultrifles/vladof/_shared/_design/_unique/bigsucc/balance_ar_vla_bigsucc,The Big Succ
/game/patchdlc/geranium/gear/weapon/_unique/privateinvestigator/balance/balance_dal_ps_privateinvestigator,The Blanc
/game/gear/weapons/smgs/tediore/_shared/_design/_unique/beans/balance/balance_sm_ted_beans,The Boo
/game/gear/weapons/shotguns/torgue/_shared/_design/_unique/theboringgun/balance/balance_sg_tor_boring,The Boring Gun
/game/gear/weapons/shotguns/hyperion/_shared/_design/_unique/thebutcher/balance/balance_sg_hyp_thebutcher,The Butcher
/game/patchdlc/geranium/gear/weapon/_unique/mcsmugger/balance/balance_ar_jak_mcsmugger,The Chalice
/game/gear/weapons/pistols/jakobs/_shared/_design/_unique/melscompanion/balance/balance_ps_jak_melscompanion,The Companion
/game/patchdlc/hibiscus/gear/weapon/_unique/thecure/balance/balance_sg_jak_thecure,The Cure
/game/gear/weapons/assaultrifles/vladof/_shared/_design/_unique/dictator/balance/balance_ar_vla_dictator,The Dictator
/game/gear/weapons/pistols/jakobs/_shared/_design/_unique/theduc/balance/balance_ps_jak_theduc,The Duc
/game/gear/weapons/smgs/maliwan/_shared/_design/_unique/emporer/balance/balance_sm_mal_emporer,The Emperor's Condiment
/game/gear/weapons/pistols/jakobs/_shared/_design/_unique/doc/balance/balance_ps_jak_doc,The Flood
/game/gear/weapons/shotguns/jakobs/_shared/_design/_unique/_legendary/garcia/balance/balance_sg_jak_garcia,The Garcia
/game/gear/weapons/shotguns/tediore/_shared/_design/_unique/horizon/balance/balance_sg_ted_horizon,The Horizon
/game/gear/weapons/sniperrifles/jakobs/_shared/_design/_unique/thehunter/hunted/balance/balance_sr_jak_hunted,The Hunt(ed)
/game/gear/weapons/sniperrifles/jakobs/_shared/_design/_unique/thehunter/balance/balance_sr_jak_hunter,The Hunt(er)
/game/gear/weapons/sniperrifles/jakobs/_shared/_design/_unique/thehunter/huntress/balance/balance_sr_jak_huntress,The Hunt(ress)
/game/gear/weapons/sniperrifles/jakobs/_shared/_design/_unique/icequeen/balance/balance_sr_jak_icequeen,The Ice Queen
/game/gear/weapons/pistols/childrenofthevault/_shared/_design/_unique/mouthpiece/balance/balance_ps_cov_mouthpiece,The Killing Word
/game/gear/weapons/pistols/vladof/_shared/_design/_unique/theleech/balance/balance_ps_vla_theleech,The Leech
/game/gear/weapons/shotguns/torgue/_shared/_design/_unique/thelob/balance/balance_sg_torgue_etech_thelob,The Lob
/game/patchdlc/mayhem2/gear/weapon/_shared/_unique/monarch/balance/balance_ar_vla_monarch,The Monarch
/game/patchdlc/geranium/gear/weapon/_unique/fakobs/balance/balance_sg_jak_fakobs,The Shoddy
/game/gear/weapons/sniperrifles/hyperion/_shared/_design/_unique/twotime/balance/balance_sr_hyp_twotime,THE TWO TIME
/game/gear/weapons/shotguns/torgue/_shared/_design/_unique/thumper/balance/balance_sg_torgue_thumper,Thumper
/game/gear/weapons/pistols/maliwan/_shared/_design/_unique/thunderballfist/balance/balance_ps_mal_thunderballfists,Thunderball Fists
/game/patchdlc/raid1/gear/weapons/tiggsboom/balance/balance_sg_torgue_tiggsboom,Tiggs' Boom
/game/patchdlc/ixora/gear/weapons/_unique/torrent/balance/balance_sm_dal_torrent,Torrent
/game/gear/weapons/assaultrifles/jakobs/_shared/_design/_unique/traitorsdeath/balance/balance_ar_jak_traitorsdeath,Traitor's Death
/game/gear/weapons/shotguns/maliwan/_shared/_design/_unique/trev/balance/balance_sg_mal_trev,Trevonator
/game/gear/weapons/assaultrifles/torgue/_shared/_design/_unique/trybolt/balance/balance_ar_tor_trybolt,Try-Bolt
/game/gear/weapons/smgs/maliwan/_shared/_design/_unique/tsunami/balance/balance_sm_mal_tsunami,Tsunami
/game/gear/weapons/heavyweapons/torgue/_shared/_design/_unique/tunguska/balance/balance_hw_tor_tunguska,Tunguska
/game/gear/weapons/pistols/jakobs/_shared/_design/_unique/unforgiven/balance/balance_ps_jak_unforgiven,Unforgiven
/game/patchdlc/geranium/gear/weapon/_unique/unkemptharold/balance/balance_ps_tor_unkemptharold,Unkempt Harold
/game/patchdlc/hibiscus/gear/weapon/_unique/unseenthreat/balance/balance_sr_jak_unseenthreat,Unseen Threat
/game/gear/weapons/smgs/dahl/_shared/_design/_unique/vanquisher/balance/balance_sm_dahl_vanquisher,Vanquisher
/game/gear/weapons/smgs/maliwan/_shared/_design/_unique/e3/balance_sm_mal_e3,Vault Hero
/game/patchdlc/raid1/re-engagement/weapons/deathgrip/balance/balance_sg_mal_deathgrip,Vosk's Deathgrip
/game/gear/weapons/pistols/jakobs/_shared/_design/_unique/wagonwheel/balance/balance_ps_jak_wagonwheel,Wagon Wheel
/game/gear/weapons/assaultrifles/dahl/_shared/_design/_unique/warlord/balance/balance_dal_ar_warlord,Warlord
/game/patchdlc/takedown2/gear/weapons/webslinger/balance/balance_ar_vla_webslinger,Web Slinger
/game/patchdlc/eventvday/gear/weapon/_unique/weddinginvitation/balance/balance_sr_jak_weddinginvite,Wedding Invitation
/game/gear/weapons/smgs/maliwan/_shared/_design/_unique/westergun/balance/balance_sm_mal_westergun,Westergun
/game/gear/weapons/sniperrifles/hyperion/_shared/_design/_unique/woodblocks/balance/balance_sr_hyp_woodblocks,Woodblocker
/game/gear/weapons/smgs/hyperion/_shared/_design/_unique/xz/balance/balance_sm_hyp_xz,XZ41
/game/patchdlc/event2/gear/weapon/_unique/yellowcake/balance/balance_hw_cov_etech_yellowcake,Yellowcake
/game/patchdlc/raid1/re-engagement/weapons/zheitseveruption/balance/balance_ar_cov_zheitsev,Zheitsev's Eruption
/game/gear/shields/_design/invbalance/invbald_shield_anshin_01_common,Anshin White Shield
/game/gear/shields/_design/invbalance/invbald_shield_anshin_02_uncommon,Anshin Green Shield
/game/gear/shields/_design/invbalance/invbald_shield_anshin_03_rare,Anshin Blue Shield
/game/gear/shields/_design/invbalance/invbald_shield_anshin_04_veryrare,Anshin Purple Shield
/game/gear/shields/_design/invbalance/invbald_shield_hyperion_01_common,Hyperion White Shield
/game/gear/shields/_design/invbalance/invbald_shield_hyperion_02_uncommon,Hyperion Green Shield
/game/gear/shields/_design/invbalance/invbald_shield_hyperion_03_rare,Hyperion Blue Shield
/game/gear/shields/_design/invbalance/invbald_shield_hyperion_04_veryrare,Hyperion Purple Shield
/game/gear/shields/_design/invbalance/invbald_shield_pangolin_01_common,Pangolin White Shield
/game/gear/shields/_design/invbalance/invbald_shield_pangolin_02_uncommon,Pangolin Green Shield
/game/gear/shields/_design/invbalance/invbald_shield_pangolin_03_rare,Pangolin Blue Shield
/game/gear/shields/_design/invbalance/invbald_shield_pangolin_04_veryrare,Pangolin Purple Shield
/game/patchdlc/dandelion/gear/shield/clover/balance/invbald_shield_clover,All-in
/game/patchdlc/takedown2/gear/shields/aesclepius/balance/invbald_shield_lgd_aesclepius,Asclepius
/game/gear/shields/_design/_uniques/backham/balance/invbald_shield_backham,Back Ham
/game/gear/shields/_design/_uniques/cyttorak/balance/invbald_shield_cyttorak,Band of Sitorak
/game/patchdlc/ixora/gear/shields/_unique/beskar/balance/invbald_shield_beskar,Beskar
/game/gear/shields/_design/_uniques/bigboomblaster/balance/invbald_shield_lgd_bigboomblaster,Big Boom Blaster
/game/gear/shields/_design/_uniques/blackhole/balance/invbald_shield_lgd_blackhole,Black Hole
/game/gear/shields/_design/_uniques/_xplootbooster/balance/invbald_shield_xplootbooster,Deluxe Badass Combustor
/game/patchdlc/dandelion/gear/shield/doubledowner/balance/invbald_shield_doubledowner,Double Downer
/game/patchdlc/dandelion/gear/shield/ember/balance/invbald_shield_ember,Ember's Blaze
/game/patchdlc/alisma/gear/shields/_uniques/faultystar/balance/invbald_shield_legendary_faultystar,Faulty Star
/game/patchdlc/event2/gear/shield/_unique/firewall/balance/invbald_shield_legendary_firewall,Firewall
/game/gear/shields/_design/_uniques/frontloader/balance/invbald_shield_lgd_frontloader,Front Loader
/game/gear/shields/_design/_uniques/aurelia/balance/invbald_shield_lgd_aurelia,Frozen Heart
/game/patchdlc/raid1/gear/shields/_hybridlegendary/slidekickhybrid/slidekick_frozenheart/balance/invbald_shield_slidekickfrozenheart,Frozen Snowshoe
/game/patchdlc/ixora/gear/shields/_unique/ventilator/balance/invbald_shield_ventilator,Gas Mask
/game/gear/shields/_design/_uniques/goldentouch/balance/invbald_shield_goldentouch,Golden Touch
/game/patchdlc/alisma/gear/shields/_uniques/faultystar/balance/invbald_shield_legendary_faultystar_epic,Guilty Spark
/game/gear/shields/_design/_uniques/impaler/balance/invbald_shield_lgd_impaler,Impaler
/game/patchdlc/ixora/gear/shields/_unique/infernalwish/balance/invbald_shield_infernalwish,Infernal Wish
/game/patchdlc/hibiscus/gear/shields/_unique/initiative/balance/invbald_shield_initiative,Initiative
/game/patchdlc/alisma/gear/shields/_uniques/plusultra/balance/invbald_shield_legendary_plusultra_epic,Limit Break
/game/gear/shields/_design/_uniques/loopof4n631/balance/invbald_shield_hyp_loopof4n631,Loop of 4N631
/game/patchdlc/event2/gear/shield/_unique/meat/balance/invbald_shield_legendary_meat,M.E.A.T. Shield
/game/patchdlc/ixora/gear/shields/_unique/madcap/balance/invbald_shield_lgd_madcap,Madcap
/game/gear/shields/_design/_uniques/buriedalive/balance/invbald_shield_buriedalive,Mendel's Multivitamin Shield
/game/gear/shields/_design/_uniques/messybreakup/balance/invbald_shield_messybreakup,Messy Breakup
/game/gear/shields/_design/_uniques/moxxisembrace/balance/invbald_shield_moxxisembrace,Moxxi's Embrace
/game/gear/shields/_design/_uniques/mrcaffeine/balance/invbald_shield_pan_mrcaffeine,Mr Caffeine
/game/gear/shields/_design/_uniques/dispensary/balance/invbald_shield_lgd_dispensary,MSRC Auto-Dispensary
/game/gear/shields/_design/_uniques/novaburner/balance/invbald_shield_lgd_novaburner,Nova Berner
/game/patchdlc/hibiscus/gear/shields/_unique/oldgod/balance/invbald_shield_oldgod,Old God
/game/patchdlc/alisma/gear/shields/_uniques/plusultra/balance/invbald_shield_legendary_plusultra,Plus Ultra
/game/patchdlc/raid1/gear/shields/_hybridlegendary/slidekickhybrid/recharger_berner/invbald_shield_lgd_recharger_berner,Re-Charger Berner
/game/gear/shields/_design/_uniques/re-charger/balance/invbald_shield_lgd_recharger,Re-Charger
/game/gear/shields/_design/_uniques/vamp/balance/invbald_shield_legendary_vamp,Re-Router
/game/patchdlc/ixora2/gear/shields/_unique/re-volter/balance/invbald_shield_revolter,Re-Volter
/game/gear/shields/_design/_uniques/rectifier/balance/invbald_shield_lgd_rectifier,Rectifier
/game/patchdlc/raid1/gear/shields/_hybridlegendary/slidekickhybrid/slidekick_recharger/invbald_shield_slidekickrecharger,Red Card Re-Charger
/game/gear/shields/_design/_uniques/slidekick/balance/invbald_shield_lgd_slidekick,Red Card
/game/gear/shields/_design/_uniques/radiate/balance/invbald_shield_lgd_radiate,Red Suit
/game/gear/shields/_design/_uniques/revengenader/balance/invbald_shield_lgd_revengenader,Revengenader
/game/patchdlc/dandelion/gear/shield/rico/balance/invbald_shield_rico,Rico
/game/gear/shields/_design/_uniques/roughrider/balance/invbald_shield_lgd_roughrider,Rough Rider
/game/patchdlc/bloodyharvest/gear/shields/_design/_unique/screamofpain/balance/invbald_shield_screamofterror,Scream of Terror
/game/gear/shields/_design/_uniques/shootingstar/balance/invbald_shield_lgd_shootingstar,Shooting Star
/game/patchdlc/takedown2/gear/shields/stinger/balance/invbald_shield_lgd_stinger,Stinger
/game/gear/shields/_design/_uniques/stopgap/balance/invbald_shield_lgd_stopgap,Stop-Gap
/game/patchdlc/vaultcard/gear/shields/unique/supersoldier/balance/invbald_shield_supersoldier,Super Soldier
/game/gear/shields/_design/_uniques/transformer/balance/invbald_shield_lgd_transformer,The Transformer
/game/patchdlc/hibiscus/gear/shields/_unique/torch/balance/invbald_shield_legendary_torch,Torch
/game/gear/shields/_design/_uniques/unpaler/balance/invbald_shield_lgd_unpaler,Unpaler
/game/patchdlc/raid1/gear/shields/versionomnom/balance/invbald_shield_legendary_versionomnom,Version 0.m
/game/patchdlc/hibiscus/gear/shields/_unique/voidrift/balance/invbald_shield_lgd_voidrift,Void Rift
/game/gear/shields/_design/_uniques/ward/balance/invbald_shield_ward,Ward
/game/patchdlc/event2/gear/shield/_unique/wattson/balance/invbald_shield_legendary_wattson,Wattson
/game/gear/shields/_design/_uniques/whiskeytangofoxtrot/balance/invbald_shield_legendary_whiskeytangofoxtrot,Whiskey Tango Foxtrot
