/Game/PatchDLC/VaultCard2/Customizations/EchoDevice/ECHOTheme_VC2_4.ECHOTheme_VC2_4,Advanced Alien Technology
/Game/PatchDLC/EventVDay/PlayerCharacters/_Shared/ECHODevice/EchoTheme_Valentines_02.EchoTheme_Valentines_02,Affection Connection
/Game/PlayerCharacters/_Customizations/EchoDevice/ECHOTheme_35.ECHOTheme_35,AMD Red Chipper
/Game/PatchDLC/VaultCard3/Customizations/EchoDevice/ECHOTheme_56.ECHOTheme_56,Ancient Tablet
/Game/PlayerCharacters/_Customizations/EchoDevice/ECHOTheme_08.ECHOTheme_08,AR-gyle Experience
/Game/PlayerCharacters/_Customizations/EchoDevice/ECHOTheme_19.ECHOTheme_19,Antique Chic
/Game/PatchDLC/VaultCard3/Customizations/EchoDevice/ECHOTheme_VC3_3.ECHOTheme_VC3_3,Banner Call
/Game/PlayerCharacters/_Customizations/EchoDevice/ECHOTheme_31.ECHOTheme_31,Birthday Dawg
/Game/PatchDLC/VaultCard3/Customizations/EchoDevice/ECHOTheme_43.ECHOTheme_43,Burger Phone
/Game/PatchDLC/VaultCard/Customizations/EchoDevice/ECHOTheme_VC1_2.ECHOTheme_VC1_2,Call A Ride
/Game/PatchDLC/Dandelion/PlayerCharacters/_Customizations/EchoDevice/ECHOTheme_64.ECHOTheme_64,Candy Cane
/Game/PlayerCharacters/_Customizations/EchoDevice/ECHOTheme_18.ECHOTheme_18,Chocolate Bubblegum
/Game/PlayerCharacters/_Customizations/EchoDevice/ECHOTheme_21.ECHOTheme_21,Clear Plastic (Cherry)
/Game/PlayerCharacters/_Customizations/EchoDevice/ECHOTheme_24.ECHOTheme_24,Clear Plastic (Dozer)
/Game/PlayerCharacters/_Customizations/EchoDevice/ECHOTheme_20.ECHOTheme_20,Clear Plastic (Ice)
/Game/PlayerCharacters/_Customizations/EchoDevice/ECHOTheme_22.ECHOTheme_22,Clear Plastic (Jungle)
/Game/PlayerCharacters/_Customizations/EchoDevice/ECHOTheme_23.ECHOTheme_23,Clear Plastic (Steel)
/Game/PlayerCharacters/_Customizations/EchoDevice/ECHOTheme_16.ECHOTheme_16,Comics Master
/Game/PlayerCharacters/_Customizations/EchoDevice/ECHOTheme_17.ECHOTheme_17,Convention Hero
/Game/PatchDLC/Takedown2/PlayerCharacters/_Customizations/EchoDevice/EchoTheme_Takedown2.EchoTheme_Takedown2,Cosmic Communicator
/Game/PatchDLC/Event2/PlayerCharacters/_Customizations/EchoDevice/ECHOTheme_40.ECHOTheme_40,Cosmic Ring
/Game/PatchDLC/VaultCard/Customizations/EchoDevice/ECHOTheme_VC1_1.ECHOTheme_VC1_1,Crimson Blood Cell
/Game/PlayerCharacters/_Customizations/EchoDevice/ECHOTheme_26.ECHOTheme_26,Crimson Graffiti
/Game/PlayerCharacters/_Customizations/EchoDevice/ECHOTheme_28.ECHOTheme_28,Dahl Kidz
/Game/PatchDLC/VaultCard3/Customizations/EchoDevice/ECHOTheme_59.ECHOTheme_59,Dead Air
/Game/PatchDLC/VaultCard3/Customizations/EchoDevice/ECHOTheme_VC3_4.ECHOTheme_VC3_4,Diamond Phone-y
/Game/PatchDLC/VaultCard/Customizations/EchoDevice/ECHOTheme_VC1_3.ECHOTheme_VC1_3,ECHO From Beyond
/Game/PatchDLC/EventVDay/PlayerCharacters/_Shared/ECHODevice/EchoTheme_Valentines_01.EchoTheme_Valentines_01,ECHOcardiogram
/Game/PatchDLC/Alisma/PlayerCharacters/_Customizations/EchoDevice/ECHOTheme_DLC4_03.ECHOTheme_DLC4_03,Electric Cell
/Game/PlayerCharacters/_Customizations/EchoDevice/ECHOTheme_15.ECHOTheme_15,Electronics Master
/Game/PatchDLC/Dandelion/PlayerCharacters/_Customizations/EchoDevice/ECHOTheme_36.ECHOTheme_36,Executive Line
/Game/PatchDLC/Hibiscus/PlayerCharacters/_Customizations/EchoDevice/ECHOTheme_DLC2_02.ECHOTheme_DLC2_02,Eye Balls
/Game/PlayerCharacters/_Customizations/EchoDevice/ECHOTheme_07.ECHOTheme_07,Eye Pad
/Game/PatchDLC/EventVDay/TwitchDrops/PlayerCharacters/_Shared/ECHODevice/ECHOTheme_46.ECHOTheme_46,Field Trip
/Game/PatchDLC/VaultCard2/Customizations/EchoDevice/ECHOTheme_VC2_1.ECHOTheme_VC2_1,Final Destination
/Game/PatchDLC/Hibiscus/PlayerCharacters/_Customizations/EchoDevice/ECHOTheme_DLC2_03.ECHOTheme_DLC2_03,Fleshy
/Game/PatchDLC/VaultCard3/Customizations/EchoDevice/ECHOTheme_61.ECHOTheme_61,Frequent Flier
/Game/PlayerCharacters/_Customizations/EchoDevice/ECHOTheme_34.ECHOTheme_34,Game Comrade
/Game/PatchDLC/VaultCard3/Customizations/EchoDevice/ECHOTheme_VC3_2.ECHOTheme_VC3_2,Glyph of Sending
/Game/PatchDLC/VaultCard/Customizations/EchoDevice/ECHOTheme_VC1_4.ECHOTheme_VC1_4,Glyphed Up the Receiver
/Game/PlayerCharacters/_Customizations/EchoDevice/ECHOTheme_06.ECHOTheme_06,Gold as the Grave
/Game/PatchDLC/Alisma/PlayerCharacters/_Customizations/EchoDevice/ECHOTheme_DLC4_01.ECHOTheme_DLC4_01,Grapevine Hotline
/Game/PlayerCharacters/_Customizations/EchoDevice/ECHOTheme_27.ECHOTheme_27,Guac Shock
/Game/PlayerCharacters/_Customizations/EchoDevice/ECHOTheme_10.ECHOTheme_10,Handheld Hunter
/Game/PatchDLC/VaultCard3/Customizations/EchoDevice/ECHOTheme_80.ECHOTheme_80,Heavy Industry
/Game/PatchDLC/BloodyHarvest/PlayerCharacters/_Customizations/EchoDevice/ECHOTheme_11.ECHOTheme_11,HECKO-3
/Game/PatchDLC/VaultCard3/PlayerCharacters/Beastmaster/EchoDevice/ECHOTheme_25.ECHOTheme_25,Hell-phone
/Game/PatchDLC/Alisma/PlayerCharacters/_Customizations/EchoDevice/ECHOTheme_DLC4_04.ECHOTheme_DLC4_04,Hot and Cold Call
/Game/PatchDLC/Alisma/PlayerCharacters/_Customizations/EchoDevice/ECHOTheme_DLC4_02.ECHOTheme_DLC4_02,Hotwire Handheld
/Game/PlayerCharacters/_Customizations/EchoDevice/ECHOTheme_33.ECHOTheme_33,Industrial Chic
/Game/PatchDLC/VaultCard3/Customizations/EchoDevice/ECHOTheme_39.ECHOTheme_39,Lava Lamp
/Game/PatchDLC/VaultCard3/Customizations/EchoDevice/ECHOTheme_42.ECHOTheme_42,Let Freedom Ring
/Game/PlayerCharacters/_Customizations/EchoDevice/ECHOTheme_05.ECHOTheme_05,Loaded Sprinkles
/Game/PatchDLC/Geranium/Customizations/EchoTheme/ECHOTheme_76.ECHOTheme_76,Local Service
/Game/PatchDLC/Raid1/Customizations/EchoDevice/ECHOTheme_38.ECHOTheme_38,Maliwalkie-Talkie
/Game/PatchDLC/Alisma/PlayerCharacters/_Customizations/EchoDevice/ECHOTheme_79.ECHOTheme_79,Message from Beyond
/Game/PatchDLC/VaultCard3/Customizations/EchoDevice/ECHOTheme_62.ECHOTheme_62,Navigated
/Game/PatchDLC/VaultCard3/Customizations/EchoDevice/ECHOTheme_51.ECHOTheme_51,Not Fooling Anyone
/Game/PatchDLC/Hibiscus/PlayerCharacters/_Customizations/EchoDevice/ECHOTheme_DLC2_01.ECHOTheme_DLC2_01,Occult Glow
/Game/PatchDLC/VaultCard3/Customizations/EchoDevice/ECHOTheme_41.ECHOTheme_41,Operating System
/Game/PlayerCharacters/_Customizations/EchoDevice/ECHOTheme_04.ECHOTheme_04,Paging Dr. Zed
/Game/PatchDLC/VaultCard3/Customizations/EchoDevice/ECHOTheme_48.ECHOTheme_48,Peak Performance
/Game/PlayerCharacters/_Customizations/EchoDevice/ECHOTheme_32.ECHOTheme_32,Pepperoni Dream
/Game/PatchDLC/VaultCard3/Customizations/EchoDevice/ECHOTheme_Poop.ECHOTheme_Poop,Poop
/Game/PlayerCharacters/_Customizations/EchoDevice/ECHOTheme_01.ECHOTheme_01,Potato Phone
/Game/PlayerCharacters/_Customizations/EchoDevice/ECHOTheme_02.ECHOTheme_02,Power Surge
/Game/PlayerCharacters/_Customizations/EchoDevice/ECHOTheme_03.ECHOTheme_03,Psychodelic
/Game/PatchDLC/VaultCard3/Customizations/EchoDevice/ECHOTheme_47.ECHOTheme_47,Rainbow Raider
/Game/PatchDLC/Dandelion/PlayerCharacters/_Customizations/EchoDevice/ECHOTheme_65.ECHOTheme_65,Reinskag
/Game/PatchDLC/VaultCard2/Customizations/EchoDevice/ECHOTheme_VC2_5.ECHOTheme_VC2_5,Rockie Talkie
/Game/PatchDLC/Geranium/Customizations/EchoTheme/ECHOTheme_74.ECHOTheme_74,Rocky Talkie
/Game/PatchDLC/Geranium/Customizations/EchoTheme/ECHOTheme_73.ECHOTheme_73,Ruination
/Game/PatchDLC/VaultCard2/Customizations/EchoDevice/ECHOTheme_VC2_2.ECHOTheme_VC2_2,Sand Line
/Game/PatchDLC/VaultCard3/Customizations/EchoDevice/ECHOTheme_77.ECHOTheme_77,Snow Call
/Game/PatchDLC/Dandelion/PlayerCharacters/_Customizations/EchoDevice/ECHOTheme_66.ECHOTheme_66,Snowglobe
/Game/PlayerCharacters/_Customizations/EchoDevice/ECHOTheme_30.ECHOTheme_30,Space Catz
/Game/PatchDLC/VaultCard3/Customizations/EchoDevice/ECHOTheme_VC3_1.ECHOTheme_VC3_1,Stained Stallion
/Game/PatchDLC/Customizations/PlayerCharacters/_Customizations/EchoDevice/ECHOTheme_37.ECHOTheme_37,Stream DECH
/Game/PatchDLC/Geranium/Customizations/EchoTheme/ECHOTheme_75.ECHOTheme_75,Tattoo Transmitter
/Game/PatchDLC/VaultCard3/Customizations/EchoDevice/ECHOTheme_55.ECHOTheme_55,Telemarketer
/Game/PatchDLC/Hibiscus/PlayerCharacters/_Customizations/EchoDevice/ECHOTheme_DLC2_04.ECHOTheme_DLC2_04,Tentacular
/Game/PatchDLC/VaultCard2/Customizations/EchoDevice/ECHOTheme_VC2_3.ECHOTheme_VC2_3,The Gortys Connection
/Game/PlayerCharacters/_Customizations/EchoDevice/ECHOTheme_09.ECHOTheme_09,Titan Up the Graphics
/Game/PlayerCharacters/_Customizations/EchoDevice/ECHOTheme_29.ECHOTheme_29,Tropical
/Game/PatchDLC/VaultCard3/Customizations/EchoDevice/ECHOTheme_54.ECHOTheme_54,Unknown Number
/Game/PatchDLC/Event2/PlayerCharacters/_Customizations/EchoDevice/ECHOTheme_44.ECHOTheme_44,VECH-tor Graphics
/Game/PlayerCharacters/_Customizations/EchoDevice/ECHOTheme_14.ECHOTheme_14,VIP Status
/Game/PatchDLC/VaultCard3/Customizations/EchoDevice/ECHOTheme_49.ECHOTheme_49,Viva Pin-Loot-a
/Game/PatchDLC/VaultCard3/Customizations/EchoDevice/ECHOTheme_53.ECHOTheme_53,Worlds Best Commander
