/Game/PlayerCharacters/_Customizations/Beastmaster/Skins/CustomSkin_Beastmaster_5.CustomSkin_Beastmaster_5,Amp Stamp
/Game/PlayerCharacters/_Customizations/Beastmaster/Skins/CustomSkin_Beastmaster_7.CustomSkin_Beastmaster_7,Anshin Wash Only
/Game/PatchDLC/VaultCard3/PlayerCharacters/_Shared/CustomSkin_Beastmaster_71.CustomSkin_Beastmaster_71,Art of Darkness
/Game/PlayerCharacters/_Customizations/Beastmaster/Skins/CustomSkin_Beastmaster_30.CustomSkin_Beastmaster_30,Atlas Classic
/Game/PatchDLC/Takedown2/PlayerCharacters/_Customizations/PlayerSkins/CustomSkin_Beastmaster_52.CustomSkin_Beastmaster_52,Bad Astra
/Game/PlayerCharacters/_Customizations/Beastmaster/Skins/CustomSkin_Beastmaster_39.CustomSkin_Beastmaster_39,Bubblegum Bum
/Game/PlayerCharacters/_Customizations/Beastmaster/Skins/CustomSkin_Beastmaster_17.CustomSkin_Beastmaster_17,Burning Bright
/Game/PlayerCharacters/_Customizations/Beastmaster/Skins/CustomSkin_Beastmaster_23.CustomSkin_Beastmaster_23,Candy Raver
/Game/PlayerCharacters/_Customizations/Beastmaster/Skins/CustomSkin_Beastmaster_29.CustomSkin_Beastmaster_29,Caustic Bloom
/Game/PlayerCharacters/_Customizations/Beastmaster/Skins/CustomSkin_Beastmaster_9.CustomSkin_Beastmaster_9,Clothed Circuit
/Game/PlayerCharacters/_Customizations/Beastmaster/Skins/CustomSkin_Beastmaster_41.CustomSkin_Beastmaster_41,Conventional Reppin'
/Game/PlayerCharacters/_Customizations/Beastmaster/Skins/CustomSkin_Beastmaster_25.CustomSkin_Beastmaster_25,Creature of the Night
/Game/PlayerCharacters/_Customizations/Beastmaster/Skins/CustomSkin_Beastmaster_37.CustomSkin_Beastmaster_37,Crimson Raiment
/Game/PatchDLC/VaultCard2/PlayerCharacters/_Shared/CustomSkin_Beastmaster_75.CustomSkin_Beastmaster_75,Crook Look
/Game/PatchDLC/Event2/PlayerCharacters/_Customizations/Beastmaster/Skins/CustomSkin_Beastmaster_47.CustomSkin_Beastmaster_47,Death by Filigrees
/Game/PatchDLC/VaultCard2/PlayerCharacters/_Shared/CustomSkin_Beastmaster_78.CustomSkin_Beastmaster_78,Derringer Duds
/Game/PatchDLC/Geranium/Customizations/PlayerSkin/CustomSkin_Beastmaster_DLC3_1.CustomSkin_Beastmaster_DLC3_1,Devil Raider
/Game/PlayerCharacters/_Customizations/Beastmaster/Skins/CustomSkin_Beastmaster_19.CustomSkin_Beastmaster_19,Ectoplasmic
/Game/PatchDLC/CitizenScience/PlayerCharacters/_Customizations/Beastmaster/Skins/CustomSkin_Beastmaster_CS.CustomSkin_Beastmaster_CS,Electric Avenue
/Game/PlayerCharacters/_Customizations/Beastmaster/Skins/CustomSkin_Beastmaster_4.CustomSkin_Beastmaster_4,Extreme Caution
/Game/PatchDLC/Dandelion/PlayerCharacters/_Customizations/_Shared/CustomSkin_Beastmaster_46.CustomSkin_Beastmaster_46,Festive Vestments
/Game/PatchDLC/VaultCard3/PlayerCharacters/Beastmaster/_Shared/Skins/CustomSkin_Beastmaster_38.CustomSkin_Beastmaster_38,Flash of Color
/Game/PlayerCharacters/_Customizations/Beastmaster/Skins/CustomSkin_Beastmaster_13.CustomSkin_Beastmaster_13,Freedom Fashion
/Game/PatchDLC/VaultCard3/PlayerCharacters/_Shared/CustomSkin_Beastmaster_73.CustomSkin_Beastmaster_73,Full Plate
/Game/PlayerCharacters/_Customizations/Beastmaster/Skins/CustomSkin_Beastmaster_10.CustomSkin_Beastmaster_10,Funk Off
/Game/PlayerCharacters/_Customizations/Beastmaster/Skins/CustomSkin_Beastmaster_31.CustomSkin_Beastmaster_31,Gilded Rage
/Game/PatchDLC/Ixora/PlayerCharacters/_Customizations/PlayerSkins/Skin51/CustomSkin_Beastmaster_51.CustomSkin_Beastmaster_51,Grand Archivist
/Game/PatchDLC/Event2/PlayerCharacters/_Customizations/Beastmaster/Skins/CustomSkin_Beastmaster_48.CustomSkin_Beastmaster_48,Grid Runner
/Game/PatchDLC/Alisma/PlayerCharacters/_Customizations/Beastmaster/Skins/CustomSkin_Beastmaster_63.CustomSkin_Beastmaster_63,Haunted Look
/Game/PlayerCharacters/_Customizations/Beastmaster/Skins/CustomSkin_Beastmaster_18.CustomSkin_Beastmaster_18,Hear Me Roar
/Game/PatchDLC/EventVDay/PlayerCharacters/_Shared/CustomSkin_Beastmaster_65.CustomSkin_Beastmaster_65,Heart Attacker
/Game/PatchDLC/EventVDay/PlayerCharacters/_Shared/CustomSkin_Beastmaster_50.CustomSkin_Beastmaster_50,Heartbreaker
/Game/PlayerCharacters/_Customizations/Beastmaster/Skins/CustomSkin_Beastmaster_16.CustomSkin_Beastmaster_16,Hex Bolts
/Game/PlayerCharacters/_Customizations/Beastmaster/Skins/CustomSkin_Beastmaster_15.CustomSkin_Beastmaster_15,Hot Rod
/Game/PlayerCharacters/_Customizations/Beastmaster/Skins/CustomSkin_Beastmaster_14.CustomSkin_Beastmaster_14,Hunting Season
/Game/PlayerCharacters/_Customizations/Beastmaster/Skins/CustomSkin_Beastmaster_21.CustomSkin_Beastmaster_21,Hyperion Beast
/Game/PatchDLC/BloodyHarvest/PlayerCharacters/_Customizations/Beastmaster/Skins/CustomSkin_Beastmaster_40.CustomSkin_Beastmaster_40,If Spooks Could Kill
/Game/PlayerCharacters/_Customizations/Beastmaster/Skins/CustomSkin_Beastmaster_1.CustomSkin_Beastmaster_1,Jungle Jams
/Game/PlayerCharacters/_Customizations/Beastmaster/Skins/CustomSkin_Beastmaster_2.CustomSkin_Beastmaster_2,Labradortilla
/Game/PatchDLC/VaultCard/PlayerCharacters/_Shared/CustomSkin_Beastmaster_68.CustomSkin_Beastmaster_68,Le Chandail de Roland
/Game/PatchDLC/Dandelion/PlayerCharacters/_Customizations/_Shared/CustomSkin_Beastmaster_44.CustomSkin_Beastmaster_44,Like a Million Bucks
/Game/PlayerCharacters/_Customizations/Beastmaster/Skins/CustomSkin_Beastmaster_42.CustomSkin_Beastmaster_42,"Like, Follow, Obey"
/Game/PlayerCharacters/_Customizations/Beastmaster/Skins/CustomSkin_Beastmaster_22.CustomSkin_Beastmaster_22,Maliwan Mood
/Game/PlayerCharacters/_Customizations/Beastmaster/Skins/CustomSkin_Beastmaster_26.CustomSkin_Beastmaster_26,Moist the Flag
/Game/PlayerCharacters/_Customizations/Beastmaster/Skins/CustomSkin_Beastmaster_36.CustomSkin_Beastmaster_36,Muddy Slaughters
/Game/PlayerCharacters/_Customizations/Beastmaster/Skins/CustomSkin_Beastmaster_11.CustomSkin_Beastmaster_11,Neon Dreams
/Game/PatchDLC/VaultCard2/PlayerCharacters/_Shared/CustomSkin_Beastmaster_76.CustomSkin_Beastmaster_76,Oasis Chic
/Game/PlayerCharacters/_Customizations/Beastmaster/Skins/CustomSkin_Beastmaster_8.CustomSkin_Beastmaster_8,Pimp My Raider
/Game/PatchDLC/EventVDay/TwitchDrops/PlayerCharacters/_Customizations/Beastmaster/Skins/CustomSkin_Beastmaster_61.CustomSkin_Beastmaster_61,Popsychle
/Game/PatchDLC/VaultCard3/PlayerCharacters/_Shared/CustomSkin_Beastmaster_74.CustomSkin_Beastmaster_74,Prism Wizard
/Game/PlayerCharacters/_Customizations/Beastmaster/Skins/CustomSkin_Beastmaster_28.CustomSkin_Beastmaster_28,Ravenous
/Game/PatchDLC/VaultCard/PlayerCharacters/_Shared/CustomSkin_Beastmaster_67.CustomSkin_Beastmaster_67,Runekeeper
/Game/PatchDLC/VaultCard/PlayerCharacters/_Shared/CustomSkin_Beastmaster_69.CustomSkin_Beastmaster_69,Serene Siren
/Game/PlayerCharacters/_Customizations/Beastmaster/Skins/CustomSkin_Beastmaster_43.CustomSkin_Beastmaster_43,Ship It
/Game/PlayerCharacters/_Customizations/Beastmaster/Skins/CustomSkin_Beastmaster_32.CustomSkin_Beastmaster_32,Signature Style
/Game/PatchDLC/Raid1/PlayerCharacters/_Customizations/Beastmaster/CustomSkin_Beastmaster_45.CustomSkin_Beastmaster_45,Spec'd Out
/Game/PatchDLC/Alisma/PlayerCharacters/_Customizations/_Shared/CustomSkin_Beastmaster_DLC4_01.CustomSkin_Beastmaster_DLC4_01,Spl4tter
/Game/PatchDLC/VaultCard/PlayerCharacters/_Shared/CustomSkin_Beastmaster_70.CustomSkin_Beastmaster_70,Step One
/Game/PatchDLC/VaultCard3/PlayerCharacters/_Shared/CustomSkin_Beastmaster_72.CustomSkin_Beastmaster_72,Stylish Sigils
/Game/PlayerCharacters/_Customizations/Beastmaster/Skins/CustomSkin_Beastmaster_6.CustomSkin_Beastmaster_6,"Sure, Why Not?"
/Game/PlayerCharacters/_Customizations/Beastmaster/Skins/CustomSkin_Beastmaster_3.CustomSkin_Beastmaster_3,Teal Appeal
/Game/PatchDLC/Hibiscus/PlayerCharacters/_Customizations/_Shared/CustomSkin_Beastmaster_DLC2_01.CustomSkin_Beastmaster_DLC2_01,Tentacular Spectacular
/Game/PlayerCharacters/_Customizations/Beastmaster/Skins/CustomSkin_Beastmaster_20.CustomSkin_Beastmaster_20,The Art of Stealth
/Game/PatchDLC/VaultCard2/PlayerCharacters/_Shared/CustomSkin_Beastmaster_77.CustomSkin_Beastmaster_77,The Loader Look
/Game/PlayerCharacters/_Customizations/Beastmaster/Skins/CustomSkin_Beastmaster_27.CustomSkin_Beastmaster_27,Trippy Hippie
/Game/PlayerCharacters/_Customizations/Beastmaster/Skins/CustomSkin_Beastmaster_24.CustomSkin_Beastmaster_24,Tropic Blunder
/Game/PlayerCharacters/_Customizations/Beastmaster/Skins/CustomSkin_Beastmaster_12.CustomSkin_Beastmaster_12,Urban Blammo
/Game/PlayerCharacters/_Customizations/Gunner/Skins/CustomSkin_Gunner_5.CustomSkin_Gunner_5,Amp Stamp
/Game/PlayerCharacters/_Customizations/Gunner/Skins/CustomSkin_Gunner_7.CustomSkin_Gunner_7,Anshin Wash
/Game/PatchDLC/VaultCard3/PlayerCharacters/_Shared/CustomSkin_Gunner_71.CustomSkin_Gunner_71,Art of Darkness
/Game/PlayerCharacters/_Customizations/Gunner/Skins/CustomSkin_Gunner_30.CustomSkin_Gunner_30,Atlas Classic
/Game/PatchDLC/Takedown2/PlayerCharacters/_Customizations/PlayerSkins/CustomSkin_Gunner_52.CustomSkin_Gunner_52,Bad Astra
/Game/PlayerCharacters/_Customizations/Gunner/Skins/CustomSkin_Gunner_39.CustomSkin_Gunner_39,Bubblegum Bum
/Game/PlayerCharacters/_Customizations/Gunner/Skins/CustomSkin_Gunner_17.CustomSkin_Gunner_17,Burning Bright
/Game/PlayerCharacters/_Customizations/Gunner/Skins/CustomSkin_Gunner_23.CustomSkin_Gunner_23,Candy Raver
/Game/PlayerCharacters/_Customizations/Gunner/Skins/CustomSkin_Gunner_29.CustomSkin_Gunner_29,Caustic Bloom
/Game/PlayerCharacters/_Customizations/Gunner/Skins/CustomSkin_Gunner_9.CustomSkin_Gunner_9,Clothed Circuit
/Game/PatchDLC/Ixora/PlayerCharacters/_Customizations/PlayerSkins/Skin51/CustomSkin_Gunner_51.CustomSkin_Gunner_51,Commissar Andreyevna
/Game/PlayerCharacters/_Customizations/Gunner/Skins/CustomSkin_Gunner_41.CustomSkin_Gunner_41,Conventional Reppin'
/Game/PlayerCharacters/_Customizations/Gunner/Skins/CustomSkin_Gunner_25.CustomSkin_Gunner_25,Creature of the Night
/Game/PlayerCharacters/_Customizations/Gunner/Skins/CustomSkin_Gunner_37.CustomSkin_Gunner_37,Crimson Raiment
/Game/PatchDLC/VaultCard2/PlayerCharacters/_Shared/CustomSkin_Gunner_75.CustomSkin_Gunner_75,Crook Look
/Game/PatchDLC/Event2/PlayerCharacters/_Customizations/Gunner/Skins/CustomSkin_Gunner_47.CustomSkin_Gunner_47,Death by Filigrees
/Game/PatchDLC/VaultCard2/PlayerCharacters/_Shared/CustomSkin_Gunner_78.CustomSkin_Gunner_78,Derringer Duds
/Game/PatchDLC/Geranium/Customizations/PlayerSkin/CustomSkin_Gunner_DLC3_1.CustomSkin_Gunner_DLC3_1,Devil Raider
/Game/PlayerCharacters/_Customizations/Gunner/Skins/CustomSkin_Gunner_19.CustomSkin_Gunner_19,Ectoplasmic
/Game/PatchDLC/CitizenScience/PlayerCharacters/_Customizations/Gunner/Skins/CustomSkin_Gunner_CS.CustomSkin_Gunner_CS,Electric Avenue
/Game/PlayerCharacters/_Customizations/Gunner/Skins/CustomSkin_Gunner_4.CustomSkin_Gunner_4,Extreme Caution
/Game/PatchDLC/Dandelion/PlayerCharacters/_Customizations/_Shared/CustomSkin_Gunner_46.CustomSkin_Gunner_46,Festive Vestments
/Game/PatchDLC/VaultCard3/PlayerCharacters/Gunner/_Shared/Skins/CustomSkin_Gunner_38.CustomSkin_Gunner_38,Flash of Color
/Game/PlayerCharacters/_Customizations/Gunner/Skins/CustomSkin_Gunner_13.CustomSkin_Gunner_13,Freedom Fashion
/Game/PatchDLC/VaultCard3/PlayerCharacters/_Shared/CustomSkin_Gunner_73.CustomSkin_Gunner_73,Full Plate
/Game/PlayerCharacters/_Customizations/Gunner/Skins/CustomSkin_Gunner_10.CustomSkin_Gunner_10,Funk Off
/Game/PlayerCharacters/_Customizations/Gunner/Skins/CustomSkin_Gunner_31.CustomSkin_Gunner_31,Gilded Rage
/Game/PatchDLC/Event2/PlayerCharacters/_Customizations/Gunner/Skins/CustomSkin_Gunner_48.CustomSkin_Gunner_48,Grid Runner
/Game/PatchDLC/Alisma/PlayerCharacters/_Customizations/Gunner/Skins/CustomSkin_Gunner_63.CustomSkin_Gunner_63,Haunted Look
/Game/PlayerCharacters/_Customizations/Gunner/Skins/CustomSkin_Gunner_18.CustomSkin_Gunner_18,Hear Me Roar
/Game/PatchDLC/EventVDay/PlayerCharacters/_Shared/CustomSkin_Gunner_65.CustomSkin_Gunner_65,Heart Attacker
/Game/PatchDLC/EventVDay/PlayerCharacters/_Shared/CustomSkin_Gunner_50.CustomSkin_Gunner_50,Heartbreaker
/Game/PlayerCharacters/_Customizations/Gunner/Skins/CustomSkin_Gunner_16.CustomSkin_Gunner_16,Hex Bolts
/Game/PlayerCharacters/_Customizations/Gunner/Skins/CustomSkin_Gunner_15.CustomSkin_Gunner_15,Hot Rod
/Game/PlayerCharacters/_Customizations/Gunner/Skins/CustomSkin_Gunner_14.CustomSkin_Gunner_14,Hunting Season
/Game/PlayerCharacters/_Customizations/Gunner/Skins/CustomSkin_Gunner_21.CustomSkin_Gunner_21,Hyperion Beast
/Game/PatchDLC/BloodyHarvest/PlayerCharacters/_Customizations/Gunner/Skins/CustomSkin_Gunner_40.CustomSkin_Gunner_40,If Spooks Could Kill
/Game/PlayerCharacters/_Customizations/Gunner/Skins/CustomSkin_Gunner_1.CustomSkin_Gunner_1,Jungle Jams
/Game/PlayerCharacters/_Customizations/Gunner/Skins/CustomSkin_Gunner_2.CustomSkin_Gunner_2,Labradortilla
/Game/PatchDLC/VaultCard/PlayerCharacters/_Shared/CustomSkin_Gunner_68.CustomSkin_Gunner_68,Le Chandail de Roland
/Game/PatchDLC/Dandelion/PlayerCharacters/_Customizations/_Shared/CustomSkin_Gunner_44.CustomSkin_Gunner_44,Like a Million Bucks
/Game/PlayerCharacters/_Customizations/Gunner/Skins/CustomSkin_Gunner_42.CustomSkin_Gunner_42,"Like, Follow, Obey"
/Game/PlayerCharacters/_Customizations/Gunner/Skins/CustomSkin_Gunner_22.CustomSkin_Gunner_22,Maliwan Mood
/Game/PlayerCharacters/_Customizations/Gunner/Skins/CustomSkin_Gunner_26.CustomSkin_Gunner_26,Moist the Flag
/Game/PlayerCharacters/_Customizations/Gunner/Skins/CustomSkin_Gunner_36.CustomSkin_Gunner_36,Muddy Slaughters
/Game/PlayerCharacters/_Customizations/Gunner/Skins/CustomSkin_Gunner_11.CustomSkin_Gunner_11,Neon Dreams
/Game/PatchDLC/VaultCard2/PlayerCharacters/_Shared/CustomSkin_Gunner_76.CustomSkin_Gunner_76,Oasis Chic
/Game/PlayerCharacters/_Customizations/Gunner/Skins/CustomSkin_Gunner_8.CustomSkin_Gunner_8,Pimp My Raider
/Game/PatchDLC/EventVDay/TwitchDrops/PlayerCharacters/_Customizations/Gunner/Skins/CustomSkin_Gunner_61.CustomSkin_Gunner_61,Popsychle
/Game/PatchDLC/VaultCard3/PlayerCharacters/_Shared/CustomSkin_Gunner_74.CustomSkin_Gunner_74,Prism Wizard
/Game/PlayerCharacters/_Customizations/Gunner/Skins/CustomSkin_Gunner_28.CustomSkin_Gunner_28,Ravenous
/Game/PatchDLC/VaultCard/PlayerCharacters/_Shared/CustomSkin_Gunner_67.CustomSkin_Gunner_67,Runekeeper
/Game/PatchDLC/VaultCard/PlayerCharacters/_Shared/CustomSkin_Gunner_69.CustomSkin_Gunner_69,Serene Siren
/Game/PlayerCharacters/_Customizations/Gunner/Skins/CustomSkin_Gunner_43.CustomSkin_Gunner_43,Ship It
/Game/PlayerCharacters/_Customizations/Gunner/Skins/CustomSkin_Gunner_32.CustomSkin_Gunner_32,Signature Style
/Game/PatchDLC/Raid1/PlayerCharacters/_Customizations/Gunner/CustomSkin_Gunner_45.CustomSkin_Gunner_45,Spec'd Out
/Game/PatchDLC/Alisma/PlayerCharacters/_Customizations/_Shared/CustomSkin_Gunner_DLC4_01.CustomSkin_Gunner_DLC4_01,Splatter
/Game/PatchDLC/VaultCard/PlayerCharacters/_Shared/CustomSkin_Gunner_70.CustomSkin_Gunner_70,Step One
/Game/PatchDLC/VaultCard3/PlayerCharacters/_Shared/CustomSkin_Gunner_72.CustomSkin_Gunner_72,Stylish Sigils
/Game/PlayerCharacters/_Customizations/Gunner/Skins/CustomSkin_Gunner_6.CustomSkin_Gunner_6,"Sure, Why Not?"
/Game/PlayerCharacters/_Customizations/Gunner/Skins/CustomSkin_Gunner_3.CustomSkin_Gunner_3,Teal Appeal
/Game/PatchDLC/Hibiscus/PlayerCharacters/_Customizations/_Shared/CustomSkin_Gunner_DLC2_01.CustomSkin_Gunner_DLC2_01,Tentacular Spectacular
/Game/PlayerCharacters/_Customizations/Gunner/Skins/CustomSkin_Gunner_20.CustomSkin_Gunner_20,The Art of Stealth
/Game/PatchDLC/VaultCard2/PlayerCharacters/_Shared/CustomSkin_Gunner_77.CustomSkin_Gunner_77,The Loader Look
/Game/PlayerCharacters/_Customizations/Gunner/Skins/CustomSkin_Gunner_27.CustomSkin_Gunner_27,Trippy Hippie
/Game/PlayerCharacters/_Customizations/Gunner/Skins/CustomSkin_Gunner_24.CustomSkin_Gunner_24,Tropic Blunder
/Game/PlayerCharacters/_Customizations/Gunner/Skins/CustomSkin_Gunner_12.CustomSkin_Gunner_12,Urban Blammo
/Game/PlayerCharacters/_Customizations/Operative/Skins/CustomSkin_Operative_5.CustomSkin_Operative_5,Amp Stamp
/Game/PlayerCharacters/_Customizations/Operative/Skins/CustomSkin_Operative_7.CustomSkin_Operative_7,Anshin Wash
/Game/PatchDLC/VaultCard3/PlayerCharacters/_Shared/CustomSkin_Operative_71.CustomSkin_Operative_71,Art of Darkness
/Game/PatchDLC/Ixora/PlayerCharacters/_Customizations/PlayerSkins/Skin51/CustomSkin_Operative_51.CustomSkin_Operative_51,Assassin One
/Game/PlayerCharacters/_Customizations/Operative/Skins/CustomSkin_Operative_30.CustomSkin_Operative_30,Atlas Classic
/Game/PatchDLC/Takedown2/PlayerCharacters/_Customizations/PlayerSkins/CustomSkin_Operative_52.CustomSkin_Operative_52,Bad Astra
/Game/PlayerCharacters/_Customizations/Operative/Skins/CustomSkin_Operative_39.CustomSkin_Operative_39,Bubblegum Bum
/Game/PlayerCharacters/_Customizations/Operative/Skins/CustomSkin_Operative_17.CustomSkin_Operative_17,Burning Bright
/Game/PlayerCharacters/_Customizations/Operative/Skins/CustomSkin_Operative_23.CustomSkin_Operative_23,Candy Raver
/Game/PlayerCharacters/_Customizations/Operative/Skins/CustomSkin_Operative_29.CustomSkin_Operative_29,Caustic Bloom
/Game/PlayerCharacters/_Customizations/Operative/Skins/CustomSkin_Operative_9.CustomSkin_Operative_9,Clothed Circuit
/Game/PlayerCharacters/_Customizations/Operative/Skins/CustomSkin_Operative_41.CustomSkin_Operative_41,Conventional Reppin'
/Game/PlayerCharacters/_Customizations/Operative/Skins/CustomSkin_Operative_25.CustomSkin_Operative_25,Creature of the Night
/Game/PlayerCharacters/_Customizations/Operative/Skins/CustomSkin_Operative_37.CustomSkin_Operative_37,Crimson Raiment
/Game/PatchDLC/VaultCard2/PlayerCharacters/_Shared/CustomSkin_Operative_75.CustomSkin_Operative_75,Crook Look
/Game/PatchDLC/Event2/PlayerCharacters/_Customizations/Operative/Skins/CustomSkin_Operative_47.CustomSkin_Operative_47,Death by Filigrees
/Game/PatchDLC/VaultCard2/PlayerCharacters/_Shared/CustomSkin_Operative_78.CustomSkin_Operative_78,Derringer Duds
/Game/PatchDLC/Geranium/Customizations/PlayerSkin/CustomSkin_Operative_DLC3_1.CustomSkin_Operative_DLC3_1,Devil Raider
/Game/PlayerCharacters/_Customizations/Operative/Skins/CustomSkin_Operative_19.CustomSkin_Operative_19,Ectoplasmic
/Game/PatchDLC/CitizenScience/PlayerCharacters/_Customizations/Operative/Skins/CustomSkin_Operative_CS.CustomSkin_Operative_CS,Electric Avenue
/Game/PlayerCharacters/_Customizations/Operative/Skins/CustomSkin_Operative_4.CustomSkin_Operative_4,Extreme Caution
/Game/PatchDLC/Dandelion/PlayerCharacters/_Customizations/_Shared/CustomSkin_Operative_46.CustomSkin_Operative_46,Festive Vestments
/Game/PatchDLC/VaultCard3/PlayerCharacters/Operative/_Shared/Skins/CustomSkin_Operative_38.CustomSkin_Operative_38,Flash of Color
/Game/PlayerCharacters/_Customizations/Operative/Skins/CustomSkin_Operative_13.CustomSkin_Operative_13,Freedom Fashion
/Game/PatchDLC/VaultCard3/PlayerCharacters/_Shared/CustomSkin_Operative_73.CustomSkin_Operative_73,Full Plate
/Game/PlayerCharacters/_Customizations/Operative/Skins/CustomSkin_Operative_10.CustomSkin_Operative_10,Funk Off
/Game/PlayerCharacters/_Customizations/Operative/Skins/CustomSkin_Operative_31.CustomSkin_Operative_31,Gilded Rage
/Game/PatchDLC/Event2/PlayerCharacters/_Customizations/Operative/Skins/CustomSkin_Operative_48.CustomSkin_Operative_48,Grid Runner
/Game/PatchDLC/Alisma/PlayerCharacters/_Customizations/Operative/Skins/CustomSkin_Operative_63.CustomSkin_Operative_63,Haunted Look
/Game/PlayerCharacters/_Customizations/Operative/Skins/CustomSkin_Operative_18.CustomSkin_Operative_18,Hear Me Roar
/Game/PatchDLC/EventVDay/PlayerCharacters/_Shared/CustomSkin_Operative_65.CustomSkin_Operative_65,Heart Attacker
/Game/PatchDLC/EventVDay/PlayerCharacters/_Shared/CustomSkin_Operative_50.CustomSkin_Operative_50,Heartbreaker
/Game/PlayerCharacters/_Customizations/Operative/Skins/CustomSkin_Operative_16.CustomSkin_Operative_16,Hex Bolts
/Game/PlayerCharacters/_Customizations/Operative/Skins/CustomSkin_Operative_15.CustomSkin_Operative_15,Hot Rod
/Game/PlayerCharacters/_Customizations/Operative/Skins/CustomSkin_Operative_14.CustomSkin_Operative_14,Hunting Season
/Game/PlayerCharacters/_Customizations/Operative/Skins/CustomSkin_Operative_21.CustomSkin_Operative_21,Hyperion Beast
/Game/PatchDLC/BloodyHarvest/PlayerCharacters/_Customizations/Operative/Skins/CustomSkin_Operative_40.CustomSkin_Operative_40,If Spooks Could Kill
/Game/PlayerCharacters/_Customizations/Operative/Skins/CustomSkin_Operative_1.CustomSkin_Operative_1,Jungle Jams
/Game/PlayerCharacters/_Customizations/Operative/Skins/CustomSkin_Operative_2.CustomSkin_Operative_2,Labradortilla
/Game/PatchDLC/VaultCard/PlayerCharacters/_Shared/CustomSkin_Operative_68.CustomSkin_Operative_68,Le Chandail de Roland
/Game/PatchDLC/Dandelion/PlayerCharacters/_Customizations/_Shared/CustomSkin_Operative_44.CustomSkin_Operative_44,Like a Million Bucks
/Game/PlayerCharacters/_Customizations/Operative/Skins/CustomSkin_Operative_42.CustomSkin_Operative_42,"Like, Follow, Obey"
/Game/PlayerCharacters/_Customizations/Operative/Skins/CustomSkin_Operative_22.CustomSkin_Operative_22,Maliwan Mood
/Game/PlayerCharacters/_Customizations/Operative/Skins/CustomSkin_Operative_26.CustomSkin_Operative_26,Moist the Flag
/Game/PlayerCharacters/_Customizations/Operative/Skins/CustomSkin_Operative_36.CustomSkin_Operative_36,Muddy Slaughters
/Game/PlayerCharacters/_Customizations/Operative/Skins/CustomSkin_Operative_11.CustomSkin_Operative_11,Neon Dreams
/Game/PatchDLC/VaultCard2/PlayerCharacters/_Shared/CustomSkin_Operative_76.CustomSkin_Operative_76,Oasis Chic
/Game/PlayerCharacters/_Customizations/Operative/Skins/CustomSkin_Operative_8.CustomSkin_Operative_8,Pimp My Raider
/Game/PatchDLC/EventVDay/TwitchDrops/PlayerCharacters/_Customizations/Operative/Skins/CustomSkin_Operative_61.CustomSkin_Operative_61,Popsychle
/Game/PatchDLC/VaultCard3/PlayerCharacters/_Shared/CustomSkin_Operative_74.CustomSkin_Operative_74,Prism Wizard
/Game/PlayerCharacters/_Customizations/Operative/Skins/CustomSkin_Operative_28.CustomSkin_Operative_28,Ravenous
/Game/PatchDLC/VaultCard/PlayerCharacters/_Shared/CustomSkin_Operative_67.CustomSkin_Operative_67,Runekeeper
/Game/PatchDLC/VaultCard/PlayerCharacters/_Shared/CustomSkin_Operative_69.CustomSkin_Operative_69,Serene Siren
/Game/PlayerCharacters/_Customizations/Operative/Skins/CustomSkin_Operative_43.CustomSkin_Operative_43,Ship It
/Game/PlayerCharacters/_Customizations/Operative/Skins/CustomSkin_Operative_32.CustomSkin_Operative_32,Signature Style
/Game/PatchDLC/Raid1/PlayerCharacters/_Customizations/Operative/CustomSkin_Operative_45.CustomSkin_Operative_45,Spec'd Out
/Game/PatchDLC/Alisma/PlayerCharacters/_Customizations/_Shared/CustomSkin_Operative__DLC4_01.CustomSkin_Operative__DLC4_01,Splatter
/Game/PatchDLC/VaultCard/PlayerCharacters/_Shared/CustomSkin_Operative_70.CustomSkin_Operative_70,Step One
/Game/PatchDLC/VaultCard3/PlayerCharacters/_Shared/CustomSkin_Operative_72.CustomSkin_Operative_72,Stylish Sigils
/Game/PlayerCharacters/_Customizations/Operative/Skins/CustomSkin_Operative_6.CustomSkin_Operative_6,"Sure, Why Not?"
/Game/PlayerCharacters/_Customizations/Operative/Skins/CustomSkin_Operative_3.CustomSkin_Operative_3,Teal Appeal
/Game/PatchDLC/Hibiscus/PlayerCharacters/_Customizations/_Shared/CustomSkin_Operative__DLC2_01.CustomSkin_Operative__DLC2_01,Tentacular Spectacular
/Game/PlayerCharacters/_Customizations/Operative/Skins/CustomSkin_Operative_20.CustomSkin_Operative_20,The Art of Stealth
/Game/PatchDLC/VaultCard2/PlayerCharacters/_Shared/CustomSkin_Operative_77.CustomSkin_Operative_77,The Loader Look
/Game/PlayerCharacters/_Customizations/Operative/Skins/CustomSkin_Operative_27.CustomSkin_Operative_27,Trippy Hippie
/Game/PlayerCharacters/_Customizations/Operative/Skins/CustomSkin_Operative_24.CustomSkin_Operative_24,Tropic Blunder
/Game/PlayerCharacters/_Customizations/Operative/Skins/CustomSkin_Operative_12.CustomSkin_Operative_12,Urban Blammo
/Game/PlayerCharacters/_Customizations/SirenBrawler/Skins/CustomSkin_Siren_5.CustomSkin_Siren_5,Amp Stamp
/Game/PlayerCharacters/_Customizations/SirenBrawler/Skins/CustomSkin_Siren_7.CustomSkin_Siren_7,Anshin Wash
/Game/PatchDLC/VaultCard3/PlayerCharacters/_Shared/CustomSkin_Siren_71.CustomSkin_Siren_71,Art of Darkness
/Game/PlayerCharacters/_Customizations/SirenBrawler/Skins/CustomSkin_Siren_30.CustomSkin_Siren_30,Atlas Classic
/Game/PatchDLC/Takedown2/PlayerCharacters/_Customizations/PlayerSkins/CustomSkin_Siren_52.CustomSkin_Siren_52,Bad Astra
/Game/PlayerCharacters/_Customizations/SirenBrawler/Skins/CustomSkin_Siren_39.CustomSkin_Siren_39,Bubblegum Bum
/Game/PlayerCharacters/_Customizations/SirenBrawler/Skins/CustomSkin_Siren_17.CustomSkin_Siren_17,Burning Bright
/Game/PlayerCharacters/_Customizations/SirenBrawler/Skins/CustomSkin_Siren_23.CustomSkin_Siren_23,Candy Raver
/Game/PlayerCharacters/_Customizations/SirenBrawler/Skins/CustomSkin_Siren_29.CustomSkin_Siren_29,Caustic Bloom
/Game/PlayerCharacters/_Customizations/SirenBrawler/Skins/CustomSkin_Siren_9.CustomSkin_Siren_9,Clothed Circuit
/Game/PlayerCharacters/_Customizations/SirenBrawler/Skins/CustomSkin_Siren_41.CustomSkin_Siren_41,Conventional Reppin'
/Game/PlayerCharacters/_Customizations/SirenBrawler/Skins/CustomSkin_Siren_25.CustomSkin_Siren_25,Creature of the Night
/Game/PlayerCharacters/_Customizations/SirenBrawler/Skins/CustomSkin_Siren_37.CustomSkin_Siren_37,Crimson Raiment
/Game/PatchDLC/VaultCard2/PlayerCharacters/_Shared/CustomSkin_Siren_75.CustomSkin_Siren_75,Crook Look
/Game/PatchDLC/Event2/PlayerCharacters/_Customizations/SirenBrawler/Skins/CustomSkin_Siren_47.CustomSkin_Siren_47,Death by Filigrees
/Game/PatchDLC/VaultCard2/PlayerCharacters/_Shared/CustomSkin_Siren_78.CustomSkin_Siren_78,Derringer Duds
/Game/PatchDLC/Geranium/Customizations/PlayerSkin/CustomSkin_Siren_DLC3_1.CustomSkin_Siren_DLC3_1,Devil Raider
/Game/PlayerCharacters/_Customizations/SirenBrawler/Skins/CustomSkin_Siren_19.CustomSkin_Siren_19,Ectoplasmic
/Game/PatchDLC/CitizenScience/PlayerCharacters/_Customizations/SirenBrawler/Skins/CustomSkin_Siren_CS.CustomSkin_Siren_CS,Electric Avenue
/Game/PlayerCharacters/_Customizations/SirenBrawler/Skins/CustomSkin_Siren_4.CustomSkin_Siren_4,Extreme Caution
/Game/PatchDLC/Dandelion/PlayerCharacters/_Customizations/_Shared/CustomSkin_Siren_46.CustomSkin_Siren_46,Festive Vestments
/Game/PatchDLC/VaultCard3/PlayerCharacters/SirenBrawler/_Shared/Skins/CustomSkin_Siren_38.CustomSkin_Siren_38,Flash of Color
/Game/PlayerCharacters/_Customizations/SirenBrawler/Skins/CustomSkin_Siren_13.CustomSkin_Siren_13,Freedom Fashion
/Game/PatchDLC/VaultCard3/PlayerCharacters/_Shared/CustomSkin_Siren_73.CustomSkin_Siren_73,Full Plate
/Game/PlayerCharacters/_Customizations/SirenBrawler/Skins/CustomSkin_Siren_10.CustomSkin_Siren_10,Funk Off
/Game/PlayerCharacters/_Customizations/SirenBrawler/Skins/CustomSkin_Siren_31.CustomSkin_Siren_31,Gilded Rage
/Game/PatchDLC/Event2/PlayerCharacters/_Customizations/SirenBrawler/Skins/CustomSkin_Siren_48.CustomSkin_Siren_48,Grid Runner
/Game/PatchDLC/Alisma/PlayerCharacters/_Customizations/SirenBrawler/Skins/CustomSkin_Siren_63.CustomSkin_Siren_63,Haunted Look
/Game/PlayerCharacters/_Customizations/SirenBrawler/Skins/CustomSkin_Siren_18.CustomSkin_Siren_18,Hear Me Roar
/Game/PatchDLC/EventVDay/PlayerCharacters/_Shared/CustomSkin_Siren_65.CustomSkin_Siren_65,Heart Attacker
/Game/PatchDLC/EventVDay/PlayerCharacters/_Shared/CustomSkin_Siren_50.CustomSkin_Siren_50,Heartbreaker
/Game/PlayerCharacters/_Customizations/SirenBrawler/Skins/CustomSkin_Siren_16.CustomSkin_Siren_16,Hex Bolts
/Game/PlayerCharacters/_Customizations/SirenBrawler/Skins/CustomSkin_Siren_15.CustomSkin_Siren_15,Hot Rod
/Game/PlayerCharacters/_Customizations/SirenBrawler/Skins/CustomSkin_Siren_14.CustomSkin_Siren_14,Hunting Season
/Game/PlayerCharacters/_Customizations/SirenBrawler/Skins/CustomSkin_Siren_21.CustomSkin_Siren_21,Hyperion Beast
/Game/PatchDLC/BloodyHarvest/PlayerCharacters/_Customizations/SirenBrawler/Skins/CustomSkin_Siren_40.CustomSkin_Siren_40,If Spooks Could Kill
/Game/PlayerCharacters/_Customizations/SirenBrawler/Skins/CustomSkin_Siren_1.CustomSkin_Siren_1,Jungle Jams
/Game/PlayerCharacters/_Customizations/SirenBrawler/Skins/CustomSkin_Siren_2.CustomSkin_Siren_2,Labradortilla
/Game/PatchDLC/VaultCard/PlayerCharacters/_Shared/CustomSkin_Siren_68.CustomSkin_Siren_68,Le Chandail de Roland
/Game/PatchDLC/Dandelion/PlayerCharacters/_Customizations/_Shared/CustomSkin_Siren_44.CustomSkin_Siren_44,Like a Million Bucks
/Game/PlayerCharacters/_Customizations/SirenBrawler/Skins/CustomSkin_Siren_42.CustomSkin_Siren_42,"Like, Follow, Obey"
/Game/PlayerCharacters/_Customizations/SirenBrawler/Skins/CustomSkin_Siren_22.CustomSkin_Siren_22,Maliwan Mood
/Game/PlayerCharacters/_Customizations/SirenBrawler/Skins/CustomSkin_Siren_26.CustomSkin_Siren_26,Moist the Flag
/Game/PlayerCharacters/_Customizations/SirenBrawler/Skins/CustomSkin_Siren_36.CustomSkin_Siren_36,Muddy Slaughters
/Game/PlayerCharacters/_Customizations/SirenBrawler/Skins/CustomSkin_Siren_11.CustomSkin_Siren_11,Neon Dreams
/Game/PatchDLC/VaultCard2/PlayerCharacters/_Shared/CustomSkin_Siren_76.CustomSkin_Siren_76,Oasis Chic
/Game/PatchDLC/Ixora/PlayerCharacters/_Customizations/PlayerSkins/Skin51/CustomSkin_Siren_51.CustomSkin_Siren_51,Partali Renegade
/Game/PlayerCharacters/_Customizations/SirenBrawler/Skins/CustomSkin_Siren_8.CustomSkin_Siren_8,Pimp My Raider
/Game/PatchDLC/EventVDay/TwitchDrops/PlayerCharacters/_Customizations/Siren/Skins/CustomSkin_Siren_61.CustomSkin_Siren_61,Popsychle
/Game/PatchDLC/VaultCard3/PlayerCharacters/_Shared/CustomSkin_Siren_74.CustomSkin_Siren_74,Prism Wizard
/Game/PlayerCharacters/_Customizations/SirenBrawler/Skins/CustomSkin_Siren_28.CustomSkin_Siren_28,Ravenous
/Game/PatchDLC/VaultCard/PlayerCharacters/_Shared/CustomSkin_Siren_67.CustomSkin_Siren_67,Runekeeper
/Game/PatchDLC/VaultCard/PlayerCharacters/_Shared/CustomSkin_Siren_69.CustomSkin_Siren_69,Serene Siren
/Game/PlayerCharacters/_Customizations/SirenBrawler/Skins/CustomSkin_Siren_43.CustomSkin_Siren_43,Ship It
/Game/PlayerCharacters/_Customizations/SirenBrawler/Skins/CustomSkin_Siren_32.CustomSkin_Siren_32,Signature Style
/Game/PatchDLC/Raid1/PlayerCharacters/_Customizations/Siren/CustomSkin_Siren_45.CustomSkin_Siren_45,Spec'd Out
/Game/PatchDLC/Alisma/PlayerCharacters/_Customizations/_Shared/CustomSkin_Siren__DLC4_01.CustomSkin_Siren__DLC4_01,Splatter
/Game/PatchDLC/VaultCard/PlayerCharacters/_Shared/CustomSkin_Siren_70.CustomSkin_Siren_70,Step One
/Game/PatchDLC/VaultCard3/PlayerCharacters/_Shared/CustomSkin_Siren_72.CustomSkin_Siren_72,Stylish Sigils
/Game/PlayerCharacters/_Customizations/SirenBrawler/Skins/CustomSkin_Siren_6.CustomSkin_Siren_6,"Sure, Why Not?"
/Game/PlayerCharacters/_Customizations/SirenBrawler/Skins/CustomSkin_Siren_3.CustomSkin_Siren_3,Teal Appeal
/Game/PatchDLC/Hibiscus/PlayerCharacters/_Customizations/_Shared/CustomSkin_Siren__DLC2_01.CustomSkin_Siren__DLC2_01,Tentacular Spectacular
/Game/PlayerCharacters/_Customizations/SirenBrawler/Skins/CustomSkin_Siren_20.CustomSkin_Siren_20,The Art of Stealth
/Game/PatchDLC/VaultCard2/PlayerCharacters/_Shared/CustomSkin_Siren_77.CustomSkin_Siren_77,The Loader Look
/Game/PlayerCharacters/_Customizations/SirenBrawler/Skins/CustomSkin_Siren_27.CustomSkin_Siren_27,Trippy Hippie
/Game/PlayerCharacters/_Customizations/SirenBrawler/Skins/CustomSkin_Siren_24.CustomSkin_Siren_24,Tropic Blunder
/Game/PlayerCharacters/_Customizations/SirenBrawler/Skins/CustomSkin_Siren_12.CustomSkin_Siren_12,Urban Blammo
